SAl,SAz,DNI,DHI,GHI
11.31,126.22,58412,13211,34008
20.83,136.59,73380,15064,48935
28.52,149.22,81575,15299,57752
33.57,164.24,85196,14816,61507
35.23,180.87,85706,13252,58088
33.21,197.4,81957,11223,48293
27.85,212.2,69513,9012,32769
19.94,224.59,42397,5580,15536
10.27,234.77,12128,1864,3929
11.29,126.07,71502,9514,34332
20.84,136.44,81564,11928,49185
28.56,149.07,85724,13430,58643
33.64,164.09,84916,13855,60664
35.33,180.74,78755,14135,55230
33.33,197.31,72204,13188,45099
27.99,212.15,64796,10060,31407
20.09,224.57,42789,5944,15830
10.42,234.77,12929,2054,4330
11.28,125.92,77993,9316,36673
20.85,136.28,88249,11084,51954
28.6,148.9,92945,12013,61661
33.71,163.93,94082,12251,64811
35.44,180.61,92390,11824,60979
33.46,197.23,87289,10792,50558
28.13,212.1,76179,8974,34904
20.23,224.55,48909,5775,17481
10.56,234.78,14595,2019,4793
11.28,125.77,75826,9480,36014
20.87,136.12,85421,11588,51005
28.64,148.74,89713,12818,60638
33.79,163.78,91456,13124,64181
35.55,180.49,90496,12558,60716
33.59,197.15,86103,11250,50740
28.28,212.06,75952,9173,35325
20.39,224.55,49384,5843,17749
10.71,234.8,14918,2081,4929
11.28,125.61,79487,9422,37119
20.9,135.96,89915,11220,52789
28.7,148.57,94587,12150,62948
33.88,163.62,95900,12422,66308
35.67,180.36,94435,11993,62580
33.73,197.07,87188,11524,51818
28.43,212.03,67695,11057,34939
20.54,224.55,36441,8243,17319
10.87,234.82,9424,3178,5016
11.32,125.11,79260,9350,37224
21.01,135.44,89764,11118,53025
28.91,148.06,94511,12116,63368
34.19,163.16,95925,12422,66938
36.07,180,94561,12027,63368
34.2,196.85,89814,10998,53025
28.92,211.96,79310,9213,37224
21.04,224.58,51841,6069,19147
11.35,234.93,15759,2234,5508
11.35,124.93,76710,9316,36328
21.06,135.26,87239,11161,51870
28.99,147.88,92036,12159,62055
34.3,163,93400,12388,65599
36.22,179.89,91986,11959,62134
34.37,196.79,87264,10964,52001
29.1,211.94,76861,9179,36513
21.21,224.61,50094,6036,18847
11.52,234.98,15198,2261,5473
11.38,124.75,78831,9384,37172
21.12,135.08,89360,11230,53025
29.08,147.71,94031,12193,63420
34.43,162.84,95218,12422,66964
36.37,179.77,93627,12027,63368
34.54,196.73,88779,11031,53051
29.28,211.94,78326,9280,37357
21.39,224.64,51056,6137,19388
11.69,235.04,15428,2296,5697
11.42,124.57,73149,9754,35694
21.19,134.9,85699,11461,51765
29.18,147.53,91329,12433,62239
34.56,162.68,91860,13035,65599
36.53,179.66,89688,12827,61924
34.72,196.68,83653,12116,51739
29.47,211.94,72240,10640,36435
21.57,224.68,47260,6997,19070
11.86,235.11,14637,2515,5724
11.46,124.38,77871,9350,37286
21.26,134.71,88981,11161,53376
29.28,147.34,94107,12056,63761
34.7,162.52,95395,12285,67410
36.7,179.55,93905,11925,63919
34.91,196.63,89360,10998,54037
29.66,211.94,79386,9313,38478
21.76,224.72,52273,6240,20109
12.04,235.18,15989,2392,6021
11.63,123.79,37406,14466,28692
21.51,134.12,69495,14392,49063
29.63,146.78,84953,14484,61017
35.15,162.05,81095,16328,63709
37.25,179.23,72924,16572,58783
35.5,196.51,65919,13945,46445
30.26,212,61404,10673,32505
22.34,224.9,44396,6935,18613
12.59,235.43,14586,2673,6153
11.7,123.59,75659,9486,36832
21.61,133.92,87134,11298,53159
29.76,146.59,92744,12330,64424
35.32,161.89,94197,12673,68319
37.44,179.13,92897,12310,64766
35.71,196.48,88358,11334,54776
30.47,212.03,78260,9682,39202
22.54,224.97,51153,6633,20891
12.78,235.53,15479,2666,6452
11.77,123.38,76092,9998,37604
21.71,133.72,86981,12070,53822
29.9,146.4,91369,13345,64554
35.49,161.73,89238,15466,68892
37.64,179.03,79775,18435,64735
35.92,196.46,71072,18176,54055
30.68,212.07,60617,14528,37940
22.74,225.05,35823,9794,19764
12.97,235.63,9660,4044,6579
11.85,123.17,67216,11893,35748
21.82,133.51,80068,13670,52001
30.04,146.21,89208,13752,63683
35.67,161.57,93375,13186,68381
37.85,178.93,93807,12287,65790
36.15,196.44,90143,11108,56074
30.9,212.11,80402,9481,40400
22.95,225.14,53117,6635,21861
13.16,235.75,16218,2789,6915
11.94,122.96,62418,12407,35409
21.93,133.3,69268,15961,50368
30.19,146.01,73022,18150,59532
35.86,161.41,74001,18641,62847
38.06,178.84,71612,18140,59717
36.37,196.42,64272,17033,50165
31.12,212.16,50441,14036,34916
23.16,225.23,29512,10086,18442
13.35,235.87,8426,4576,5986
12.23,122.3,28373,15189,23419
22.32,132.66,32619,19616,34428
30.68,145.42,34471,22895,42237
36.45,160.94,36339,23608,45288
38.74,178.58,39019,22006,43554
37.08,196.41,43513,18251,38802
31.81,212.35,45870,13115,30691
23.81,225.55,30954,8323,17910
13.95,236.26,8692,3293,6254
12.34,122.08,49309,13466,33577
22.46,132.44,72719,14689,51622
30.85,145.22,84115,14994,62449
36.67,160.78,84906,16165,68284
38.98,178.5,82934,17057,67265
37.33,196.41,69886,17345,54933
32.05,212.43,52830,15740,37538
24.03,225.67,45198,10380,20631
14.15,236.41,32487,3941,7226
12.46,121.85,81851,9826,40930
22.6,132.22,91834,11605,57982
31.04,145.02,96506,12651,68978
36.88,160.62,97819,13028,72870
39.22,178.42,96632,12650,69746
37.58,196.42,93036,11670,59892
32.29,212.51,84609,9983,44017
24.25,225.8,68544,6990,24595
14.36,236.56,40877,3168,8477
12.58,121.62,77871,9826,39281
22.76,132,87264,11878,55466
31.22,144.81,88703,14462,65546
37.11,160.47,79400,19408,66954
39.47,178.34,58710,24956,59342
37.84,196.44,45732,26094,47954
32.54,212.6,49204,19354,37332
24.48,225.93,42888,10652,22307
14.56,236.72,21905,4595,7241
12.7,121.39,71324,11678,38174
22.91,131.77,78974,15262,55033
31.42,144.61,81218,17884,66317
37.34,160.31,78846,20964,69383
39.73,178.27,64617,25380,62687
38.1,196.46,39520,26885,47079
32.79,212.7,15053,21424,28278
24.71,226.07,2551,12363,13466
14.77,236.89,104,4773,4842
13.12,120.67,85176,9860,43023
23.42,131.09,94637,11650,60349
32.04,143.99,99056,12662,71873
38.06,159.85,100243,12959,76204
40.53,178.07,98980,12661,73028
38.91,196.57,94991,11716,62738
33.55,213.03,86532,10050,46612
25.4,226.54,70675,7228,26815
15.39,237.43,42311,3441,9671
13.27,120.43,49440,19608,36958
23.6,130.85,47612,27795,50205
32.25,143.78,47483,32147,59290
38.32,159.69,51861,32235,64240
40.81,178.01,61053,28390,64024
39.19,196.61,74378,19996,57308
33.81,213.15,81103,11650,44968
25.64,226.71,69488,7209,26815
15.6,237.62,40866,3492,9671
13.42,120.19,84360,9832,43328
23.79,130.62,93678,11621,60712
32.48,143.57,97617,12605,71643
38.58,159.54,98374,12915,75338
41.09,177.96,96783,12572,72030
39.47,196.66,93036,11614,62055
34.08,213.28,83895,10216,46004
25.88,226.89,66887,7612,26251
15.82,237.82,39729,3630,9545
13.58,119.94,71400,11610,39591
23.98,130.38,79620,14300,54885
32.7,143.36,78320,17133,63638
38.84,159.39,70890,21057,65309
41.38,177.9,60860,23005,58859
39.75,196.72,60950,18859,51105
34.34,213.42,70394,12686,42204
26.12,227.07,67499,7875,26445
16.03,238.03,41922,3526,10075
13.75,119.69,82795,9969,43354
24.18,130.14,92365,11759,60495
32.94,143.14,96985,12778,71820
39.11,159.24,98627,13123,76440
41.67,177.86,97869,12743,73658
40.04,196.79,94410,11749,63709
34.61,213.57,86633,10183,47773
26.36,227.26,71686,7444,27959
16.24,238.24,43274,3631,10430
14.28,118.93,83401,9934,44361
24.8,129.42,92365,11690,61366
33.67,142.5,96506,12709,72555
39.95,158.79,97869,13054,77070
42.57,177.73,96960,12754,74209
40.94,197.02,93450,11836,64534
35.43,214.05,86173,10259,48681
27.08,227.87,71502,7547,28652
16.88,238.91,43019,3766,10929
14.46,118.67,85509,10071,45501
25.02,129.17,94309,11827,62921
33.93,142.29,98601,12847,74366
40.24,158.64,99965,13158,78934
42.88,177.7,98955,12823,75941
41.24,197.11,95167,11938,65704
35.71,214.23,87012,10358,49434
27.33,228.09,71787,7646,29263
17.1,239.15,43248,3871,11226
14.65,118.41,78897,10980,43752
25.24,128.92,88613,12882,60791
34.19,142.07,93636,13816,72345
40.54,158.5,94962,14092,76718
43.2,177.67,94070,13511,73723
41.55,197.2,91647,12076,64157
35.99,214.41,84992,10259,48760
27.57,228.32,69870,7581,29083
17.31,239.39,41361,3837,11194
14.85,118.15,82970,10651,45527
25.47,128.68,92693,12147,63000
34.45,141.85,97743,12823,74550
40.84,158.35,99157,13101,79144
43.52,177.64,98197,12836,76230
41.86,197.3,94839,11904,66229
36.27,214.6,87315,10326,50226
27.82,228.55,72727,7682,30115
17.52,239.64,44319,3935,11794
15.05,117.89,84012,10139,45898
25.7,128.43,92137,12138,63002
34.72,141.64,95849,13366,74183
41.14,158.21,97869,13483,78986
43.84,177.62,96657,12905,75758
42.18,197.41,92390,12005,65231
36.56,214.8,86456,10592,50124
28.07,228.79,73806,7949,30860
17.74,239.9,45682,4073,12307
15.68,117.09,86885,10275,48060
26.43,127.67,94583,12011,65468
35.56,140.98,97900,13079,77123
42.08,157.78,99125,13427,81690
44.84,177.58,98711,13077,78776
43.13,197.78,95874,12108,68644
37.41,215.43,88224,10625,52159
28.81,229.55,73351,8128,31642
18.38,240.7,45049,4284,12853
15.9,116.83,84184,10241,47138
26.68,127.41,92516,11976,64339
35.84,140.76,95997,12975,75889
42.41,157.64,97385,13287,80456
45.18,177.57,97112,12974,77648
43.46,197.92,93905,12074,67699
37.7,215.66,86911,10562,51782
29.06,229.81,73263,7997,31766
18.59,240.98,45135,4253,12989
16.12,116.56,23246,26227,37615
26.93,127.16,34376,32298,52893
36.14,140.53,41476,35517,63300
42.73,157.5,53537,33598,70741
45.52,177.57,72197,25584,73576
43.79,198.06,76507,20017,65918
37.99,215.89,68657,17367,50642
29.31,230.08,61159,11439,31228
18.81,241.26,40620,4999,12627
16.35,116.29,84815,10412,48271
27.19,126.9,92572,12149,65573
36.43,140.31,94750,14004,76502
43.07,157.36,93154,16219,81076
45.87,177.57,90204,17013,77774
44.12,198.21,88764,15003,67451
38.28,216.13,85168,11720,52264
29.55,230.36,72695,8429,32306
19.02,241.55,44869,4493,13447
16.58,116.01,58375,17698,43374
27.45,126.64,64236,22444,57501
36.73,140.09,71375,23158,69096
43.4,157.22,84761,18768,77315
46.22,177.58,93496,13973,77030
44.45,198.36,92920,11950,68171
38.57,216.38,86052,10427,52362
29.8,230.65,71737,8098,32325
19.23,241.85,43223,4523,13394
17.29,115.19,12257,25337,30557
28.26,125.85,13264,32310,40325
37.65,139.41,18868,35720,49097
44.43,156.81,31345,34389,56069
47.28,177.62,54779,27259,63007
45.45,198.87,74537,18476,63017
39.45,217.17,75710,13155,50032
30.54,231.54,63637,9498,31041
19.86,242.77,38651,4966,13139
17.54,114.91,84048,11173,50327
28.54,125.59,91819,13001,67787
37.97,139.18,95369,14051,79527
44.77,156.67,96834,14331,84217
47.65,177.65,96573,13937,81329
45.79,199.06,93866,12905,71126
39.74,217.45,87032,11268,54696
30.79,231.85,73211,8737,34108
20.07,243.08,44855,4936,14581
17.79,114.63,84150,11344,50748
28.82,125.32,92276,13071,68503
38.28,138.95,95698,14157,80216
45.13,156.54,97061,14472,84853
48.01,177.67,96980,14041,82071
46.13,199.25,94051,12974,71667
40.03,217.73,87242,11296,55104
31.03,232.16,73695,8765,34586
20.28,243.4,45084,4996,14823
18.04,114.35,85462,11310,51620
29.1,125.05,92945,13140,69090
38.6,138.72,96198,14227,80719
45.48,156.4,97410,14577,85234
48.38,177.71,97036,14215,82241
46.47,199.45,93829,13178,72004
40.33,218.02,86986,11497,55493
31.28,232.48,73225,8939,34874
20.48,243.73,45073,5105,15120
18.3,114.07,58960,20280,46772
29.39,124.78,59619,27004,61657
38.93,138.49,57762,31508,70578
45.84,156.27,58272,33033,74338
48.75,177.74,66580,29477,74976
46.82,199.65,76380,21683,69356
40.62,218.32,76582,14984,54125
31.52,232.81,61529,10823,32732
20.69,244.06,33176,5911,13449
19.08,113.22,58880,17867,44662
30.26,123.97,51109,26717,56073
39.92,137.79,42448,31757,61628
46.93,155.87,41186,33555,63756
49.87,177.87,46561,30425,61722
47.85,200.31,53599,23296,55323
41.5,219.26,58070,17212,46794
32.25,233.83,52925,11736,31442
21.3,245.07,32733,6239,13377
19.35,112.93,86072,12064,54749
30.56,123.69,93476,13905,72822
40.25,137.55,97263,15000,84721
47.3,155.74,98475,15315,88856
50.25,177.93,97566,14875,85260
48.2,200.55,94484,13928,74655
41.79,219.59,86726,12668,57793
32.49,234.18,69845,10507,36411
21.5,245.42,40214,6412,15808
19.62,112.65,81978,12270,53034
30.86,123.42,86649,14637,69856
40.59,137.32,86454,16170,79624
47.68,155.61,82239,18555,80989
50.63,177.98,74402,21681,75401
48.55,200.79,70108,20526,65840
42.08,219.92,64140,16417,51902
32.73,234.53,46550,12271,31782
21.7,245.77,23551,6721,13176
19.89,112.36,11405,16412,22373
31.16,123.14,14420,21982,31290
40.93,137.08,14428,24860,35669
48.05,155.48,18453,27003,40987
51.01,178.05,30036,27757,48972
48.89,201.04,39826,25516,49908
42.37,220.26,40761,21322,40747
32.97,234.89,35398,14162,26693
21.9,246.13,21725,6241,11753
20.16,112.07,78693,13577,52841
31.46,122.86,80700,17864,68632
41.27,136.84,72282,23078,74197
48.43,155.34,63168,26351,72080
51.4,178.11,57697,26385,66645
49.24,201.29,51952,24157,56517
42.66,220.61,45028,20592,43181
33.2,235.26,36824,14541,27712
22.1,246.48,24310,7004,12588
21,111.2,82697,12543,55412
32.38,122.02,88679,14893,73254
42.3,136.11,89941,16777,83801
49.57,154.95,86683,19472,86177
52.56,178.33,75649,23818,79920
50.29,202.11,58670,26393,64567
43.53,221.69,41242,24235,44896
33.9,236.38,29167,17816,26843
22.68,247.58,17677,9858,12595
21.28,110.9,83487,12852,56637
32.7,121.73,90908,14844,75303
42.65,135.86,92291,16800,86433
49.95,154.82,89030,19880,89234
52.95,178.42,81255,23099,83997
50.64,202.39,73831,22259,71388
43.81,222.06,67267,17885,55676
34.13,236.76,50735,13503,35426
22.87,247.95,26667,8237,15838
21.56,110.61,86453,12920,58804
33.01,121.44,93652,14808,77889
43,135.61,96752,15855,90173
50.33,154.69,97635,16147,94026
53.34,178.5,97061,15790,89631
50.98,202.69,93930,14681,77989
44.1,222.44,87491,12838,60926
34.36,237.15,74839,10208,39507
23.06,248.33,46869,6234,18297
21.85,110.31,84840,13262,58275
33.32,121.15,92668,14960,77055
43.35,135.36,95747,16114,89121
50.72,154.55,95875,16782,92936
53.73,178.59,94250,16802,88498
51.33,202.99,91268,15740,76882
44.38,222.83,85497,13610,60302
34.59,237.55,73149,10607,39402
23.25,248.71,45885,6368,18324
22.13,110.02,76892,16158,58736
33.63,120.86,81420,20591,74359
43.7,135.1,75959,26156,82057
51.11,154.42,72939,28172,83876
54.12,178.69,77176,25541,82739
51.68,203.29,82309,20153,74861
44.66,223.22,80219,15209,58762
34.82,237.94,68377,11288,38321
23.44,249.09,42111,6636,17603
23,109.12,80198,14121,59278
34.58,119.98,88114,16693,77775
44.76,134.33,90045,18383,87089
52.28,154.02,90322,18767,90577
55.31,179,91579,18019,89255
52.72,204.26,90216,16062,79017
45.49,224.43,84376,13442,61064
35.48,239.16,72293,10707,39989
23.99,250.25,45339,6707,18888
23.29,108.82,80079,15273,61083
34.9,119.69,91143,15849,79149
45.11,134.07,94993,16791,90699
52.67,153.88,95575,17106,94397
55.7,179.11,95255,16767,92038
53.06,204.6,86445,18356,79967
45.77,224.85,64611,22232,59587
35.7,239.57,40416,21008,36568
24.17,250.64,20094,12542,16272
23.58,108.52,35396,30571,49590
35.22,119.39,45519,34482,65907
45.47,133.81,54421,34810,76921
53.06,153.74,63029,32539,82281
56.1,179.23,70325,29009,82680
53.41,204.94,74799,24241,75241
46.04,225.27,75392,17849,60001
35.92,239.99,68175,12121,39642
24.35,251.03,44089,6957,19060
23.87,108.22,64675,20635,56352
35.53,119.09,72955,22942,72988
45.82,133.54,71285,26701,82468
53.45,153.6,61781,30546,81063
56.49,179.35,50363,32564,71551
53.75,205.29,37263,32185,58901
46.31,225.7,24284,28450,43747
36.13,240.41,12116,21209,27312
24.52,251.43,3336,10555,11807
24.16,107.92,82901,14208,62431
35.85,118.78,87988,16360,79126
46.18,133.27,88798,17739,87348
53.85,153.46,92098,17739,93045
56.89,179.47,94832,16866,92789
54.09,205.65,92578,15645,81734
46.58,226.13,86052,13843,63420
36.34,240.83,73856,11172,41934
24.7,251.83,46671,7031,20206
25.03,107,87387,14427,65724
36.8,117.87,93278,16372,83390
47.24,132.44,94486,17529,93143
55.03,153.03,95053,17780,97160
58.08,179.87,95843,17218,94941
55.11,206.77,94157,15985,83660
47.38,227.46,88173,14078,65342
36.97,242.11,75750,11368,43673
25.22,253.03,47938,7230,21246
25.32,106.7,87845,14507,66737
37.12,117.56,93204,16454,84508
47.6,132.16,94826,17675,93875
55.42,152.88,95767,18030,97446
58.47,180.01,96392,17563,95582
55.44,207.16,93880,16696,84428
47.64,227.91,85572,15625,65260
37.17,242.55,70397,13288,42944
25.39,253.43,42921,8503,20778
25.61,106.39,44272,26259,52944
37.43,117.24,69969,24791,74778
47.95,131.88,80692,23619,88101
55.81,152.73,76286,26502,90592
58.87,180.16,61443,30427,80689
55.78,207.55,37510,31569,59980
47.9,228.37,20826,26895,39850
37.38,242.98,22594,18359,25932
25.55,253.84,20501,9519,14435
25.9,106.08,7678,26434,31424
37.75,116.93,28264,33630,56235
48.3,131.59,55736,31002,78971
56.2,152.58,68831,27182,86025
59.26,180.3,64401,27269,78615
56.11,207.95,49128,27468,63601
48.15,228.83,33853,25307,45771
37.58,243.42,26256,20060,29981
25.72,254.24,14946,12559,15741
26.19,105.77,84712,15199,66325
38.06,116.61,85906,19399,82437
48.66,131.3,82503,22975,89855
56.6,152.43,78622,24830,90402
59.65,180.46,72018,27235,84201
56.44,208.36,63536,27565,71876
48.41,229.3,51697,23987,53909
37.77,243.86,34279,18849,32684
25.89,254.65,17319,11956,15158
27.05,104.84,54085,27775,60792
39,115.65,69500,27485,77664
49.7,130.41,76512,26553,88489
57.77,151.95,81991,24390,94012
60.83,180.94,84215,23120,92444
57.42,209.63,74610,25030,79747
49.15,230.72,56506,25720,59050
38.36,245.19,41529,21167,37468
26.37,255.87,26549,11909,19024
27.33,104.52,5543,26278,29446
39.3,115.33,9795,30949,38532
50.05,130.1,15400,33335,46263
58.15,151.79,14565,36103,48883
61.22,181.1,11665,39452,49445
57.74,210.06,13786,38083,48294
49.4,231.2,18420,31175,42319
38.55,245.64,20891,23516,32015
26.53,256.27,15366,14467,18096
27.61,104.21,83592,15004,67397
39.61,115,88254,16925,83981
50.39,129.79,89101,18344,93885
58.54,151.62,87841,19586,97417
61.6,181.28,78713,21915,88355
58.06,210.5,57571,25484,69435
49.64,231.69,33286,26012,47558
38.73,246.09,16295,19632,26928
26.69,256.68,8135,10989,12901
27.89,103.9,86002,15073,69325
39.92,114.67,90191,16995,85829
50.74,129.48,90328,18451,95793
58.93,151.45,90742,19121,100108
61.99,181.45,88459,20124,95004
58.38,210.95,72789,23397,78282
49.88,232.18,48603,24878,55251
38.92,246.54,35051,20310,34517
26.84,257.09,25696,11141,18042
28.17,103.58,72856,18297,65425
40.22,114.34,79453,20476,82452
51.08,129.17,85024,20020,94256
59.31,151.27,89393,19192,99552
62.38,181.63,91654,18197,96541
58.69,211.41,90547,16719,84815
50.11,232.67,85623,14640,67043
39.1,246.99,75403,11765,45652
26.99,257.5,48654,7787,23223
29,102.63,78452,13101,50784
41.11,113.34,87384,15769,71898
52.08,128.2,90362,17454,88104
60.45,150.72,92885,18318,100031
63.52,182.19,95460,18306,103827
59.62,212.81,95425,17539,98555
50.8,234.16,92877,16190,86086
39.64,248.34,87340,14254,68686
27.45,258.71,75952,11772,46778
29.27,102.31,76912,13072,50509
41.41,113,85792,15816,72623
52.42,127.87,88713,17500,88550
60.83,150.53,91237,18348,98791
63.9,182.38,93102,18922,101863
59.93,213.29,91709,19446,97399
51.03,234.66,86496,19574,86759
39.81,248.79,78617,17972,67632
27.6,259.12,67779,14203,44410
29.54,101.99,77063,13194,50964
41.7,112.66,85941,15962,73161
52.74,127.53,88487,17622,89133
61.2,150.33,91060,18411,99345
64.28,182.57,94124,18371,103085
60.23,213.77,94566,17539,98319
51.25,235.17,92137,16190,86389
39.98,249.24,86764,14254,68775
27.74,259.52,76041,11805,46918
29.81,101.67,76609,13229,51043
41.99,112.32,85123,15939,72534
53.07,127.19,87356,17636,88139
61.58,150.13,87275,19332,96941
64.65,182.77,83930,21965,96782
60.53,214.27,80230,23409,91398
51.47,235.67,78209,21776,82459
40.15,249.69,74587,18336,65503
27.89,259.92,68849,13725,44578
30.07,101.35,76407,13335,51283
42.27,111.97,84577,16046,72828
53.39,126.85,86033,17968,87485
61.95,149.92,82828,21068,94120
65.03,182.97,77161,25479,93884
60.82,214.76,72195,27805,88438
51.68,236.18,70275,26505,79253
40.32,250.14,67748,21788,65265
28.03,260.32,56989,16412,45040
30.84,100.39,74794,13902,51574
43.11,110.93,81618,16961,72386
54.34,125.79,82325,19381,86909
63.04,149.27,79707,22506,93679
66.13,183.59,77535,24933,94182
61.69,216.28,77319,25555,91546
52.32,237.71,77366,23438,83511
40.81,251.48,75404,18967,66744
28.45,261.52,66402,14430,44985
31.1,100.07,75799,14197,52417
43.38,110.58,81757,17627,73067
54.65,125.43,81206,20479,87212
63.4,149.04,78948,23627,93866
66.5,183.81,76287,27138,94874
61.97,216.8,70064,29693,89088
52.52,238.22,55879,31173,74876
40.98,251.93,36338,29970,54563
28.59,261.91,20859,24136,33854
31.35,99.75,74292,14339,53272
43.65,110.22,80624,17308,72681
54.96,125.06,77981,21201,86655
63.76,148.81,71735,26845,92344
66.86,184.02,67448,31764,93096
62.25,217.32,71021,30828,92061
52.72,238.73,79620,23543,85685
41.13,252.37,78488,16964,68484
28.73,262.3,61501,14093,45166
31.59,99.43,142,16304,16387
43.91,109.87,2710,28278,30472
55.26,124.69,9552,39116,48070
64.11,148.57,15059,44456,59455
67.22,184.24,13931,45604,59577
62.53,217.84,12906,45390,57110
52.92,239.24,22631,40336,57572
41.29,252.81,36338,31677,53520
28.87,262.69,36207,23920,39375
31.84,99.1,73547,15302,54179
44.17,109.51,76219,18555,71404
55.55,124.32,77576,19064,85055
64.46,148.32,84018,19317,97366
67.57,184.46,90261,19496,102611
62.8,218.37,92867,18134,100347
53.12,239.76,91106,16331,89138
41.44,253.26,85118,14516,69878
29,263.08,75000,12099,48316
32.54,98.14,33666,23892,41178
44.93,108.43,55308,24160,65106
56.42,123.17,75610,20449,86704
65.48,147.53,84243,19148,98647
68.62,185.13,88350,19988,103053
63.6,219.98,89954,19596,99323
53.69,241.29,86618,18221,86302
41.9,254.57,76783,16970,68478
29.4,264.23,63376,14803,46538
32.77,97.82,73374,15450,54744
45.18,108.07,76216,19140,72596
56.7,122.78,75791,21272,87009
65.82,147.26,77059,23121,96899
68.96,185.36,79552,24893,99199
63.86,220.53,78951,26063,95149
53.88,241.8,72088,26994,83967
42.04,255,61086,26240,65710
29.53,264.6,50510,21710,45114
32.99,97.49,77181,14387,56274
45.42,107.71,82191,16812,75599
56.98,122.38,82149,18190,90314
66.15,146.97,84796,19044,100105
69.31,185.59,87202,20824,103600
64.11,221.07,81390,23391,96152
54.06,242.31,75281,22583,82431
42.19,255.43,72045,18824,67874
29.66,264.98,62166,15353,48471
33.22,97.17,77127,14387,56738
45.66,107.35,81606,16776,75616
57.25,121.98,82052,18051,89857
66.48,146.68,83056,19795,98723
69.64,185.82,82685,23003,100388
64.37,221.62,77074,26818,94370
54.24,242.81,67317,29587,82443
42.33,255.85,57840,28355,65532
29.79,265.35,51271,21197,45852
33.43,96.85,66258,18286,53476
45.89,106.98,71114,21329,72120
57.52,121.58,77033,19862,88271
66.8,146.38,81785,19974,98700
69.98,186.05,81623,23826,100652
64.61,222.17,73636,28034,93052
54.42,243.32,63892,28604,78434
42.47,256.28,55736,25327,61333
29.92,265.71,39792,20583,40123
34.06,95.9,22273,25729,37924
46.56,105.89,36091,29699,58131
58.29,120.35,53130,28633,78175
67.74,145.43,62678,28535,90120
70.96,186.75,64904,30942,93791
65.34,223.84,55942,34637,85329
54.93,244.82,38586,35179,66107
42.89,257.53,26152,29979,46699
30.3,266.79,18115,22470,30893
34.26,95.58,57384,20659,51334
46.77,105.52,67947,21005,71480
58.53,119.93,72216,20421,86432
68.05,145.1,70842,22980,93352
71.28,186.99,68416,26909,93618
65.57,224.39,66520,28447,88427
55.1,245.31,60306,27537,75638
43.02,257.94,45055,24877,54519
30.42,267.15,29024,19971,33279
34.45,95.26,66481,18308,55071
46.98,105.15,65923,21936,72134
58.78,119.51,65686,22287,85683
68.34,144.75,67159,24990,93318
71.6,187.22,65453,30538,94096
65.8,224.95,58116,34789,87762
55.26,245.8,45419,36427,73532
43.15,258.34,35808,33317,56938
30.54,267.5,28566,25978,40241
34.64,94.95,6389,26493,30161
47.18,104.79,7279,33961,39461
59.01,119.09,4939,33103,37510
68.64,144.4,1628,28053,29508
71.91,187.46,308,26110,26446
66.03,225.51,1361,24372,25510
55.42,246.29,3219,25828,28081
43.29,258.74,5305,29494,32498
30.66,267.84,7417,26157,29389
34.83,94.64,28582,25572,42752
47.38,104.42,40895,27932,61918
59.24,118.66,52089,28064,78628
68.93,144.04,51450,32291,84142
72.22,187.69,44598,37430,81568
66.25,226.07,39029,38250,75161
55.58,246.77,30981,35373,62198
43.42,259.14,23320,28537,44493
30.78,268.18,15995,18735,26621
35.36,93.7,41824,33611,63515
47.94,103.33,41987,38690,77169
59.9,117.37,43847,39122,85114
69.76,142.91,57944,32427,90983
73.12,188.39,75788,25391,95063
66.9,227.74,77185,23939,87204
56.04,248.2,58909,25888,65932
43.8,260.3,36441,23169,41776
31.14,269.17,18695,15680,22104
35.52,93.4,21994,38380,53625
48.12,102.97,13231,45425,57450
60.11,116.94,14170,49297,64310
70.03,142.51,20266,49077,71045
73.41,188.61,19213,46297,65945
67.1,228.29,9337,39187,47628
56.19,248.67,1894,26801,28205
43.92,260.68,183,15614,15797
31.26,269.5,244,7842,7900
35.69,93.09,27600,37539,60021
48.29,102.61,35912,36369,70022
60.31,116.5,41868,32488,77442
70.29,142.1,52367,29116,84509
73.7,188.84,58631,28290,83520
67.31,228.84,55303,27067,71905
56.34,249.13,49347,23348,55686
44.05,261.05,36213,19099,37228
31.38,269.81,21840,13608,19143
35.85,92.79,78180,19433,77291
48.46,102.25,72680,21839,87515
60.5,116.06,66693,22215,92248
70.55,141.69,67208,23566,94575
73.99,189.07,70658,25131,91863
67.51,229.39,65798,25328,79177
56.49,249.59,54561,23302,59932
44.17,261.42,38342,19342,38734
31.49,270.12,18930,13429,19473
36,92.49,81614,18308,79601
48.62,101.89,80316,19581,92451
60.69,115.63,75456,19646,98447
70.8,141.26,77332,19991,101310
74.27,189.29,83839,20390,99983
67.71,229.93,84628,19539,90102
56.63,250.04,76637,17928,72140
44.29,261.78,63073,15698,50324
31.61,270.43,47279,11208,27787
36.43,91.6,79987,18803,79524
49.08,100.83,74429,21292,89916
61.23,114.31,63730,24018,91596
71.51,139.94,61617,27654,91576
75.08,189.93,56351,31794,85415
68.28,231.54,38696,34429,67947
57.04,251.35,24379,32398,49807
44.64,262.83,15443,24252,33170
31.95,271.32,7219,13615,16520
36.56,91.31,72229,21522,75273
49.22,100.48,63701,24410,82942
61.39,113.87,56772,25205,87702
71.74,139.48,63143,24027,93908
75.34,190.14,68315,25139,93459
68.46,232.07,63178,27302,80757
57.18,251.78,54404,26430,63155
44.76,263.17,41759,23032,43696
32.06,271.61,30954,15364,24828
36.69,91.03,79491,19075,78743
49.35,100.13,73244,21729,89183
61.55,113.43,63144,23648,91818
71.96,139.02,60907,25432,90631
75.6,190.34,63621,27129,87505
68.64,232.6,63229,27273,79019
57.31,252.2,58428,25166,64099
44.87,263.5,49291,21587,45915
32.17,271.89,35541,15741,26788
36.81,90.74,78184,19616,78648
49.48,99.79,73757,21409,91127
61.71,113,64642,23020,94904
72.17,138.54,62620,25769,94057
75.85,190.54,68556,26811,91505
68.82,233.11,73464,25149,85009
57.44,252.61,71355,21405,71274
44.99,263.83,60071,17327,50461
32.28,272.16,44529,12295,29074
36.93,90.46,78318,19442,78983
49.61,99.45,73490,21252,90433
61.85,112.56,64512,22361,93301
72.38,138.06,60945,26538,92151
76.1,190.73,60444,30745,87900
68.99,233.62,60624,29600,78804
57.56,253.01,60551,25010,65927
45.1,264.15,50359,21084,47343
32.39,272.43,33949,15744,26403
37.26,89.65,58024,26135,73556
49.95,98.45,62084,24111,86261
62.26,111.27,50912,25124,85669
72.95,136.58,39330,30769,77534
76.82,191.26,38077,33282,72114
69.49,235.11,41373,31262,68142
57.94,254.18,47821,27256,60427
45.43,265.07,47398,22027,46450
32.72,273.2,33820,15986,27221
37.36,89.38,72070,21576,76899
50.05,98.13,63480,23120,82724
62.38,110.85,46180,25225,78593
73.13,136.08,38540,30155,75251
77.05,191.42,38506,33057,71537
69.65,235.6,38501,31481,64098
58.06,254.55,40395,27609,54414
45.53,265.36,38402,21801,40597
32.82,273.44,32563,13892,24632
37.45,89.12,76557,20195,78925
50.15,97.81,70951,21056,88210
62.5,110.43,58403,22549,87940
73.31,135.57,51760,26904,85983
77.27,191.57,56572,28710,84964
69.8,236.07,61939,26393,78004
58.17,254.92,63295,23251,66854
45.64,265.64,60350,17805,50996
32.93,273.68,46729,11364,29474
37.54,88.87,76859,19735,79290
50.24,97.49,72662,20185,90636
62.61,110.02,63416,20383,94356
73.47,135.06,64251,21881,95274
77.49,191.72,71913,24101,94494
69.95,236.53,72975,24590,86098
58.29,255.27,66783,23144,70411
45.74,265.92,52226,21003,49218
33.03,273.91,31878,16759,27306
37.62,88.61,78855,19669,79721
50.33,97.18,75354,19657,91191
62.72,109.61,66906,19168,96922
73.63,134.54,69035,20142,99513
77.7,191.85,79267,21158,98775
70.1,236.98,82381,20159,89906
58.4,255.62,78888,17771,74620
45.85,266.19,69449,14949,53482
33.14,274.13,51836,11154,29981
37.85,87.89,78201,20099,81116
50.56,96.29,74579,20218,92276
63,108.41,66116,19423,97163
74.06,132.98,68413,20224,99410
78.31,192.19,78942,21474,99395
70.53,238.28,82802,20468,91184
58.74,256.6,80114,18002,76010
46.15,266.95,71165,15128,54693
33.44,274.76,54188,11335,31086
37.91,87.66,80811,20141,82215
50.62,96,77000,20175,94103
63.08,108.02,68302,19332,98975
74.2,132.46,70421,20250,101050
78.5,192.28,81455,21577,100968
70.67,238.69,85268,20723,92621
58.84,256.91,81974,18402,77224
46.25,267.19,72831,15490,55793
33.54,274.96,55743,11598,31932
37.97,87.43,79026,20216,81472
50.69,95.72,74820,20323,93201
63.15,107.64,65477,19475,98080
74.32,131.94,68011,20342,100176
78.69,192.36,79233,21602,99576
70.8,239.09,81914,20732,90503
58.95,257.21,71128,21073,72588
46.35,267.42,54546,20927,50381
33.64,275.15,42694,14264,28778
38.03,87.21,79443,20208,81502
50.74,95.45,75111,20255,92703
63.22,107.27,65681,19494,97529
74.44,131.43,68286,20414,100185
78.87,192.43,79623,21737,100168
70.93,239.47,83370,20801,91461
59.05,257.5,80495,18402,76589
46.44,267.64,71344,15490,55654
33.73,275.33,54417,11598,31818
38.08,87,79342,20282,81633
50.79,95.18,74736,20355,92932
63.29,106.9,64831,19554,97678
74.55,130.91,68055,19985,101066
79.05,192.48,79528,21278,100710
71.06,239.85,82550,20801,90775
59.15,257.78,79449,18369,75553
46.54,267.86,70242,15424,54550
33.83,275.51,53448,11565,31299
38.2,86.39,76565,20665,79100
50.92,94.42,72565,20526,90603
63.45,105.86,62264,19658,95336
74.84,129.4,65150,20184,98455
79.54,192.54,75235,22551,97806
71.42,240.88,73523,24969,87291
59.45,258.55,66542,24771,71611
46.81,268.45,58402,20333,52741
34.11,275.99,44286,13926,32164
38.24,86.19,73729,21610,78094
50.95,94.19,62544,24950,85315
63.49,105.53,46950,27824,87280
74.92,128.91,48849,29101,89988
79.69,192.54,59974,29553,89416
71.54,241.2,59906,29980,81067
59.54,258.79,52080,28808,65809
46.9,268.63,39710,24830,45294
34.2,276.14,29064,17906,26395
38.26,86.01,78320,20557,81556
50.98,93.96,73569,20553,92628
63.53,105.21,62470,19693,96871
75,128.42,65917,20074,100082
79.84,192.51,78867,21529,100649
71.65,241.5,82528,21758,92715
59.64,259.01,79757,19327,77755
46.99,268.8,70959,15819,55758
34.29,276.28,54494,11958,32491
38.29,85.83,76440,20455,79775
51.01,93.73,71115,20609,90317
63.56,104.9,59640,19976,93458
75.07,127.94,62075,20957,96150
79.98,192.47,74866,22627,96987
71.76,241.78,76620,23532,88603
59.73,259.22,65729,24473,71836
47.08,268.96,46481,23429,48949
34.38,276.41,28323,18251,27288
38.31,85.66,54058,29584,71719
51.03,93.52,60202,25792,85017
63.59,104.6,56782,21560,91776
75.13,127.48,61783,20988,95959
80.11,192.41,66423,25129,92679
71.87,242.05,51938,30523,75764
59.82,259.42,33684,30713,55629
47.16,269.11,21165,24805,37893
34.47,276.54,11727,16614,21700
38.35,85.18,73160,21395,79184
51.06,92.93,67826,21507,89851
63.65,103.78,55740,20679,93824
75.28,126.15,57934,21038,95703
80.48,192.14,70993,22278,95241
72.17,242.75,75499,22628,88280
60.07,259.95,72232,20748,73657
47.41,269.52,58169,19343,52883
34.72,276.86,36561,17261,30689
38.35,85.04,75041,20808,79217
51.06,92.75,70287,20695,89710
63.66,103.52,58394,19752,93536
75.32,125.74,61761,20165,96777
80.59,192.01,75998,21578,97932
72.26,242.95,79930,21817,90820
60.15,260.11,77105,19464,76305
47.49,269.63,68192,15950,54759
34.8,276.96,51944,12122,31889
38.35,84.9,75235,20872,79456
51.06,92.58,70877,20665,89988
63.66,103.28,58540,19957,93473
75.35,125.33,58657,21893,94871
80.7,191.87,68847,25157,95132
72.35,243.13,71938,25788,88020
60.23,260.25,70191,22493,73083
47.57,269.74,63087,17685,54143
34.88,277.04,49569,13026,34018
38.35,84.77,75779,20802,79414
51.06,92.42,71050,20710,90318
63.67,103.05,59107,19652,94187
75.38,124.95,61014,20419,96878
80.79,191.7,71271,23292,95739
72.44,243.3,71393,25105,86144
60.31,260.38,68224,23610,72511
47.64,269.84,62584,18942,54870
34.95,277.12,50650,12983,33398
38.34,84.65,74545,21135,78236
51.05,92.26,68694,21630,88943
63.66,102.84,56318,20980,92654
75.4,124.58,58698,21770,94748
80.89,191.53,71289,23799,95116
72.52,243.44,74691,24264,88362
60.39,260.49,70604,22908,74513
47.72,269.93,60733,19197,54470
35.03,277.19,46619,13578,33296
38.3,84.33,74800,20977,78698
51.01,91.86,69935,20869,89732
63.63,102.27,57386,19855,93298
75.43,123.58,60004,20470,96742
81.12,190.89,74719,22100,98577
72.76,243.77,79517,22375,91624
60.6,260.76,76719,20177,77099
47.93,270.14,67710,16812,57222
35.24,277.36,51862,12892,35569
38.28,84.24,77635,21159,80999
50.98,91.75,72159,21221,91995
63.61,102.1,59469,20055,95819
75.43,123.28,62520,20502,98779
81.18,190.65,77259,22361,100322
72.83,243.84,81956,22768,93494
60.67,260.83,79357,20410,79025
47.99,270.19,71297,16841,59176
35.31,277.4,55512,12984,35957
38.25,84.15,75235,21246,79129
50.96,91.65,70021,21229,90028
63.59,101.95,57202,20028,93758
75.43,123,60485,20414,97005
81.24,190.4,75021,22259,98652
72.9,243.88,79119,22598,91066
60.73,260.88,76389,20149,76485
48.05,270.23,68049,16575,57225
35.37,277.43,52777,12687,35833
38.23,84.07,73342,21197,77826
50.93,91.55,68454,21246,88669
63.57,101.82,55253,20227,92171
75.42,122.74,57376,20849,95578
81.29,190.13,72563,22404,96886
72.96,243.91,77503,22514,89885
60.8,260.92,74599,20215,75895
48.12,270.26,65924,16772,56244
35.43,277.45,50454,12925,34993
38.19,84.01,73001,21223,77832
50.9,91.47,68645,21092,88465
63.54,101.69,55541,20088,92027
75.4,122.51,58558,20502,95017
81.34,189.84,73812,22004,96473
73.02,243.92,78014,22388,89734
60.85,260.95,75472,20139,75608
48.18,270.28,67195,16584,56557
35.49,277.47,51863,12729,35631
38.09,83.85,72959,21231,77155
50.79,91.27,67908,21318,86586
63.43,101.41,53685,20616,87773
75.33,121.92,51694,23191,88043
81.43,188.93,61897,26833,89271
73.18,243.83,66739,26970,84381
61.02,260.95,62737,25733,71148
48.34,270.28,49983,23572,51498
35.65,277.47,35985,18305,31220
38.04,83.81,64711,22786,73226
50.75,91.23,64192,22569,85570
63.39,101.34,52749,21841,88437
75.29,121.77,55282,22248,92245
81.44,188.6,69267,23866,95261
73.23,243.76,71478,25142,87803
61.07,260.92,66341,24944,72919
48.39,270.27,57604,20762,54125
35.7,277.45,43092,14611,33307
38,83.78,73631,21139,76913
50.7,91.19,68969,21234,88055
63.35,101.29,55408,20138,91605
75.26,121.65,57946,20645,94671
81.45,188.27,72505,22640,96624
73.27,243.67,75568,23593,89490
61.11,260.88,72029,21704,74844
48.43,270.24,64426,17886,55887
35.75,277.43,50665,13482,35528
37.95,83.76,73894,21308,77702
50.65,91.17,69344,21490,89037
63.3,101.25,56618,20285,92817
75.22,121.54,58885,20823,96038
81.45,187.94,73621,22708,98208
73.31,243.56,78490,23045,91616
61.16,260.83,76147,20753,77507
48.48,270.21,68439,17141,58098
35.79,277.4,53587,13189,36732
37.9,83.75,73650,21450,77491
50.6,91.15,69129,21524,88811
63.25,101.23,56057,20313,92624
75.17,121.45,58380,20912,95944
81.45,187.6,73556,22837,98183
73.34,243.43,78441,23184,91616
61.2,260.77,76045,20857,77507
48.52,270.16,68284,17174,58098
35.83,277.36,53483,13189,36732
37.74,83.76,74267,21507,77676
50.44,91.17,70006,21570,88913
63.09,101.24,56454,20428,92649
75.01,121.34,58304,20938,95919
81.39,186.57,73352,22843,98106
73.42,242.92,78099,23172,91483
61.3,260.5,75616,20772,77344
48.62,269.97,67795,17167,57988
35.93,277.2,53013,13255,36704
37.68,83.78,73481,21589,77663
50.38,91.2,69309,21740,88942
63.03,101.27,56216,20605,92337
74.95,121.34,57664,21119,95656
81.36,186.22,72669,22967,97877
73.44,242.71,77656,23393,91217
61.33,260.38,74092,21483,76801
48.65,269.88,64959,18244,57004
35.96,277.13,50561,13997,35983
37.62,83.81,73094,21589,76886
50.32,91.24,68718,21772,88006
62.96,101.32,55604,20749,91694
74.88,121.37,57002,21199,94859
81.31,185.88,71742,22936,96882
73.45,242.48,76909,23322,90454
61.35,260.25,73382,21183,76094
48.68,269.79,64058,17819,56240
35.99,277.05,50197,13645,35534
37.56,83.84,71683,21490,75515
50.26,91.28,67730,21664,86767
62.9,101.38,54639,20666,90572
74.81,121.42,56592,21030,93932
81.27,185.55,71227,22708,96065
73.46,242.24,76001,23116,89445
61.37,260.11,73521,20923,75718
48.7,269.69,65396,17370,56685
36.01,276.97,50296,13385,35612
37.49,83.89,72194,21630,76684
50.19,91.34,68590,21706,87649
62.83,101.46,55338,20696,91050
74.74,121.49,56732,21178,94337
81.21,185.21,71552,22868,96604
73.46,241.97,76711,23219,90241
61.39,259.96,74329,20958,76423
48.72,269.58,66637,17305,57324
36.02,276.88,51968,13287,36274
37.29,84.07,70703,21691,75335
49.99,91.57,66887,22027,86457
62.62,101.76,54861,20819,90483
74.5,121.82,54215,22120,91696
81,184.26,62269,25868,90429
73.44,241.08,65118,27021,83852
61.41,259.43,67861,22984,72695
48.76,269.19,64222,17560,56028
36.06,276.56,50297,13320,35691
37.21,84.15,66138,22673,73102
49.92,91.67,62283,23289,83155
62.55,101.89,49916,23149,88835
74.42,121.98,53358,22868,94185
80.92,183.96,68005,24137,95634
73.42,240.75,70813,25456,88309
61.41,259.23,68528,24139,74284
48.76,269.05,60912,19872,55895
36.06,276.44,45674,14617,34637
37.14,84.23,71302,21499,74963
49.85,91.78,66168,22093,86532
62.47,102.03,52711,21373,90366
74.33,122.15,54816,21599,93116
80.83,183.67,69413,23141,94664
73.4,240.41,74068,23515,87932
61.41,259.01,69949,22362,74135
48.76,268.89,60192,19023,54752
36.06,276.32,44548,13884,33667
37.07,84.33,68941,22033,74855
49.77,91.89,64887,22424,85953
62.39,102.19,50928,21909,90023
74.23,122.35,52635,22226,93250
80.73,183.4,67981,23528,95188
73.37,240.05,73050,23798,89031
61.4,258.79,71113,21184,75070
48.76,268.73,63982,17328,56050
36.05,276.18,49381,13214,35270
36.99,84.43,69333,21961,74721
49.69,92.02,65278,22357,85799
62.31,102.36,51705,21847,89878
74.14,122.56,53440,21986,93180
80.63,183.13,67906,23458,94482
73.33,239.67,71814,24159,87589
61.39,258.56,70088,21466,73954
48.75,268.56,63081,17364,55356
36.04,276.04,48286,13216,34866
36.75,84.78,69270,21676,73535
49.46,92.46,66775,21905,85483
62.06,102.94,54940,21233,90142
73.83,123.32,56000,21749,93117
80.28,182.41,69593,23175,94438
73.2,238.47,74493,23410,88149
61.32,257.79,72294,20960,74470
48.7,268,64426,17233,55809
35.99,275.59,49382,13190,35227
36.67,84.91,70169,21661,73847
49.38,92.62,67868,21864,85338
61.98,103.16,56789,20990,89523
73.72,123.6,57486,21413,93024
80.15,182.2,70370,23036,94923
73.14,238.05,74931,23344,88652
61.29,257.51,72435,20947,74931
48.68,267.79,64654,17272,56023
35.96,275.42,49983,13188,35342
36.58,85.05,68805,21935,73131
49.29,92.8,66038,22354,84233
61.89,103.39,54768,21835,88244
73.61,123.91,56789,21928,92388
80.01,182,70197,23025,94642
73.07,237.62,74810,23288,88415
61.26,257.23,72232,21026,74796
48.65,267.58,62629,17500,55318
35.93,275.25,45801,13649,33880
36.5,85.2,59448,24399,67907
49.21,92.98,50083,29753,75715
61.8,103.63,36315,32650,78611
73.5,124.23,36518,32271,79875
79.87,181.82,45215,32113,79019
73,237.18,50192,31696,75954
61.22,256.94,49495,29158,65155
48.61,267.37,38505,25147,47039
35.9,275.07,28354,19128,28940
36.41,85.35,63677,23817,72928
49.12,93.17,60743,24521,83439
61.7,103.89,51488,23650,86072
73.38,124.57,52905,24068,89339
79.72,181.65,65321,25011,93367
72.93,236.73,71808,24050,88309
61.17,256.63,70641,21106,73521
48.57,267.14,61709,17395,54494
35.86,274.89,46064,13450,33712
36.15,85.87,72935,22225,76252
48.86,93.8,70781,22489,88616
61.42,104.72,60793,21564,93389
73,125.67,61416,21988,96439
79.23,181.22,72947,23598,97750
72.66,235.33,77048,23940,91111
61,255.67,74200,21538,76774
48.43,266.43,65887,17755,57154
35.71,274.3,50530,13549,35722
36.06,86.05,71059,21722,73951
48.77,94.03,69174,22027,86018
61.32,105.03,59623,21078,90723
72.87,126.06,60246,21472,93723
79.06,181.11,70867,23114,94894
72.55,234.85,74335,23623,88224
60.93,255.34,71221,21303,74144
48.37,266.18,63367,17364,55079
35.65,274.1,48177,13023,34296
35.97,86.24,68288,21970,72698
48.68,94.27,66462,22354,85134
61.22,105.34,57452,21438,90213
72.74,126.47,58812,21724,92818
78.88,181.01,69485,23427,93492
72.44,234.37,73225,23674,87036
60.86,255,70667,21065,73440
48.31,265.92,62643,17396,54692
35.59,273.89,47894,13252,34087
35.88,86.44,70195,21637,73192
48.59,94.51,68561,22027,85174
61.11,105.66,59263,21320,90595
72.6,126.9,59844,21689,93570
78.69,180.92,69576,23591,93921
72.33,233.89,72714,24469,86974
60.78,254.65,70723,21702,73546
48.24,265.66,63417,17429,55077
35.53,273.67,48913,13088,34389
35.79,86.65,69314,21871,72241
48.5,94.77,64811,23804,82465
61.01,105.99,53461,23882,87482
72.46,127.33,52651,24435,88818
78.5,180.85,57986,27629,85622
72.2,233.4,56330,29214,78268
60.7,254.29,54833,26300,65973
48.17,265.39,49919,21637,49101
35.45,273.45,38053,16654,30687
35.51,87.31,71848,21253,73831
48.21,95.58,70182,21724,86188
60.69,107.05,61710,21137,92018
72.02,128.7,62424,21509,95199
77.89,180.71,72624,22797,95609
71.79,231.93,76402,23045,88730
60.41,253.19,73791,20687,74822
47.92,264.55,65849,16945,55832
35.21,272.76,50373,12866,34784
35.41,87.55,72707,21287,74439
48.12,95.86,71208,21820,87133
60.58,107.43,63154,21168,93197
71.86,129.18,63910,21540,96530
77.67,180.68,73860,22927,96992
71.64,231.44,77700,23149,89973
60.31,252.81,75033,20756,75771
47.83,264.26,66909,17010,56442
35.12,272.53,51156,12859,35102
35.31,87.79,73061,21077,74253
48.02,96.15,71505,21624,86827
60.46,107.81,63388,21107,92731
71.7,129.67,63340,21506,95534
77.45,180.67,70026,23868,95918
71.49,230.95,66176,27379,87255
60.2,252.43,56989,28411,70179
47.73,263.97,49045,24884,50961
35.02,272.28,38755,18230,31762
35.22,88.04,72372,21180,73886
47.92,96.46,69193,22470,85102
60.35,108.2,60210,22533,89498
71.54,130.17,61550,22751,93564
77.23,180.67,68108,24008,94056
71.32,230.47,66119,25473,83219
60.08,252.04,62018,25235,68819
47.63,263.67,56374,20466,52319
34.92,272.04,43219,13707,32133
35.12,88.29,70780,21683,74026
47.82,96.76,68641,22443,87009
60.23,108.6,60823,21605,93084
71.38,130.67,60494,22397,94259
77,180.68,63111,25948,91406
71.15,229.98,57285,28626,81073
59.95,251.66,52931,27351,65962
47.52,263.36,51886,21117,49803
34.81,271.79,42370,13685,31367
34.82,89.09,68769,21369,72182
47.51,97.73,67888,21890,85126
59.87,109.85,60724,21526,91846
70.86,132.23,60967,21919,95013
76.28,180.76,69698,23031,94547
70.6,228.55,73286,23306,86766
59.54,250.47,70260,20749,72063
47.16,262.43,62306,16632,53023
34.46,271.01,47895,12255,32634
34.72,89.37,67106,18273,55615
47.41,98.07,70755,19672,74034
59.74,110.28,66425,20008,86671
70.68,132.76,68839,20978,96216
76.03,180.81,78413,22608,102356
70.41,228.08,83406,23419,101505
59.4,250.07,82941,21698,93033
47.03,262.12,78062,18779,77408
34.34,270.75,68270,15928,55524
34.62,89.66,65352,18101,54401
47.3,98.41,68721,19524,72600
59.62,110.72,65060,19778,85156
70.5,133.3,67344,20705,94474
75.77,180.86,76287,22358,100516
70.21,227.61,81216,23118,99288
59.24,249.67,80912,21372,90702
46.9,261.8,76269,18520,75617
34.21,270.48,66783,15735,54317
34.52,89.95,65251,17970,54404
47.19,98.76,68328,19463,72691
59.49,111.17,64748,19809,85028
70.31,133.84,67070,20746,94399
75.51,180.92,76076,22310,100490
70,227.15,81513,22979,99765
59.08,249.26,81267,21204,91206
46.76,261.47,76653,18295,75644
34.07,270.21,67116,15510,54264
34.42,90.24,66883,17317,54630
47.09,99.12,70765,19345,73438
59.36,111.62,67672,19671,86444
70.12,134.39,69688,20643,96041
75.24,180.99,78382,22242,102127
69.78,226.7,83415,22917,100778
58.92,248.86,82739,21190,92003
46.61,261.15,78139,18391,76692
33.93,269.94,68577,15639,55032
34.11,91.17,63954,18027,53235
46.76,100.22,68096,19850,71196
58.95,113.03,65272,20447,84253
69.53,136.06,65311,22302,93111
74.42,181.24,68714,25559,96639
69.1,225.38,68902,27397,92261
58.38,247.64,68495,26937,84184
46.14,260.16,67146,22813,71373
33.48,269.1,59845,17363,52062
34,91.49,62054,17945,52160
46.64,100.6,65713,20091,70140
58.81,113.5,59467,21515,80021
69.32,136.62,58569,23082,85801
74.14,181.33,63679,26655,91846
68.86,224.95,62481,30814,90661
58.2,247.24,56415,31829,79325
45.98,259.83,55867,27284,65553
33.32,268.82,52708,19550,49269
33.9,91.81,59226,19205,51902
46.53,100.99,64928,20553,70851
58.67,113.99,62746,20645,83596
69.11,137.18,64042,21902,91981
73.85,181.43,70711,23992,96386
68.61,224.53,73830,25320,94414
58,246.83,69228,25465,84265
45.8,259.49,61132,23852,67451
33.15,268.54,53157,18972,48705
33.79,92.14,65651,16775,53254
46.41,101.38,69798,19451,71569
58.52,114.48,67108,20183,85479
68.9,137.74,69748,21041,95064
73.56,181.53,78700,22126,100465
68.36,224.11,83288,22513,100193
57.8,246.43,82908,20909,91373
45.63,259.16,78402,17940,73967
32.98,268.25,68723,15028,52020
33.68,92.47,68331,16802,54472
46.3,101.78,72546,19457,73034
58.38,114.97,70413,19868,86611
68.68,138.31,72794,20729,96086
73.26,181.64,80423,22126,101789
68.1,223.71,84777,21676,100011
57.59,246.02,84539,19877,90578
45.44,258.82,79506,17745,73744
32.81,267.96,69284,14996,51774
33.36,93.5,69372,16543,54784
45.94,103,73656,19236,73257
57.92,116.49,72377,19718,87144
68.01,140.01,74875,20512,96747
72.35,181.99,82181,21748,102049
67.29,222.54,86205,21267,100223
56.94,244.82,85636,19514,90712
44.87,257.8,80634,17453,73798
32.25,267.08,70355,14737,51450
33.25,93.85,70863,16408,55120
45.81,103.41,75864,19010,73655
57.76,117,74571,19917,87048
67.78,140.58,77096,20774,97120
72.03,182.11,84107,21692,102904
67.02,222.16,87772,21213,101051
56.71,244.42,86773,19470,91866
44.66,257.46,81728,17453,74657
32.06,266.79,71757,14737,51975
33.14,94.21,72772,16443,56176
45.69,103.83,77603,18938,74908
57.6,117.51,75933,19845,88260
67.54,141.14,78230,20740,98205
71.72,182.23,85143,21590,104335
66.73,221.8,88716,21111,102317
56.48,244.03,87661,19405,92456
44.46,257.12,82544,17388,75007
31.86,266.49,72420,14704,52080
33.02,94.57,73072,16444,56228
45.56,104.26,78074,19042,75218
57.44,118.03,76967,19979,88815
67.3,141.7,79379,20873,98913
71.4,182.36,85995,21760,105141
66.44,221.44,89661,21314,103112
56.24,243.63,89001,19569,93126
44.25,256.78,83786,17422,75491
31.66,266.2,73083,14674,52316
32.91,94.93,71363,16267,54902
45.44,104.69,76925,18904,74078
57.28,118.55,76044,19960,87649
67.06,142.27,78574,20897,97322
71.07,182.49,85568,21748,103477
66.15,221.09,88691,21190,101442
56,243.24,87496,19405,91879
44.03,256.43,82198,17355,74356
31.46,265.9,71375,14625,51030
32.57,96.05,67871,16052,52492
45.05,105.99,73630,18817,70908
56.76,120.13,73813,19882,84444
66.31,143.94,76727,20725,94203
70.08,182.89,82559,21458,99559
65.24,220.08,85066,20800,97376
55.24,242.09,83670,18952,87920
43.35,255.41,77384,17097,70215
30.81,265,65178,14674,47607
32.45,96.43,67001,16292,52054
44.91,106.44,73696,18862,70593
56.59,120.66,73968,20024,84582
66.05,144.49,76502,21015,94367
69.74,183.02,82393,21640,99799
64.92,219.76,84714,20993,97557
54.97,241.71,82903,19338,87430
43.12,255.07,76870,17293,69676
30.59,264.7,65561,14465,47185
32.33,96.81,67418,16042,52047
44.77,106.88,73078,18877,70843
56.41,121.19,73431,20185,85020
65.79,145.04,76436,21114,94926
69.4,183.16,82271,21692,99879
64.6,219.44,85135,21013,97183
54.71,241.33,83037,19215,86830
42.88,254.73,76534,17131,69000
30.36,264.4,66020,14238,47028
32.21,97.2,67708,15981,51856
44.64,107.33,73866,18816,70709
56.23,121.73,74342,19993,84551
65.53,145.59,76900,20879,94405
69.06,183.3,82246,21571,99667
64.28,219.13,84565,20935,96862
54.43,240.96,82801,19183,86725
42.64,254.39,76333,17260,68873
30.13,264.1,64439,14562,46288
32.1,97.59,66887,15971,51601
44.5,107.78,73047,18841,70207
56.04,122.26,73823,20068,83908
65.26,146.13,76783,20988,93684
68.71,183.43,82120,21718,98955
63.96,218.83,81364,23108,96047
54.16,240.59,75550,23000,83825
42.39,254.06,68912,19749,66891
29.9,263.79,59041,15728,47247
31.73,98.77,63924,16124,50010
44.07,109.15,70810,19332,69000
55.47,123.87,72729,20398,82980
64.43,147.73,76266,21131,93008
67.65,183.85,81252,21826,98215
62.96,217.98,83474,21001,95202
53.3,239.5,82146,18931,85224
41.62,253.05,76144,16643,67447
29.18,262.89,64195,13683,44651
31.61,99.17,66480,16108,51115
43.92,109.61,72900,19174,70122
55.27,124.4,74612,20470,83970
64.15,148.25,77572,21310,93735
67.29,183.99,81998,21820,98338
62.62,217.7,84203,20845,94829
53.01,239.15,82553,18780,84911
41.36,252.71,76229,16640,67210
28.93,262.58,64311,13715,44415
31.48,99.57,65924,15997,50674
43.77,110.07,72838,19042,69667
55.07,124.94,74710,20325,83605
63.87,148.77,77342,21192,93423
66.93,184.12,81806,21735,98020
62.27,217.44,84104,20803,94958
52.71,238.79,82476,18650,84923
41.09,252.38,76152,16380,66644
28.68,262.28,62730,13650,43597
31.35,99.97,66257,15936,50281
43.62,110.53,73199,18911,69279
54.87,125.47,74619,20365,83804
63.58,149.28,77628,21337,93517
66.57,184.26,82085,21812,98081
61.93,217.18,84004,20745,94959
52.41,238.45,82090,18616,84319
40.82,252.05,74669,16677,65758
28.42,261.98,61787,14012,42939
31.23,100.38,66916,15907,50404
43.47,111,74278,18861,69332
54.67,126.01,76501,20246,83493
63.28,149.79,79137,21245,93165
66.2,184.39,83214,21788,97713
61.58,216.92,85006,20930,94535
52.1,238.1,82834,18844,84391
40.55,251.72,76255,16544,66404
28.16,261.67,63801,13623,43386
30.83,101.61,66437,15872,49556
42.99,112.39,72245,19473,67418
54.03,127.6,72342,21501,80415
62.39,151.28,76680,22173,90815
65.09,184.79,82248,22308,96237
60.51,216.19,84203,21090,93224
51.17,237.09,82553,18737,83192
39.71,250.74,75617,16544,65111
27.37,260.77,62067,13623,41882
30.7,102.02,65133,16220,49063
42.83,112.86,71906,19994,67591
53.81,128.13,72125,22341,81016
62.09,151.77,74161,23765,89409
64.71,184.92,79412,23691,94138
60.15,215.96,82942,21707,92421
50.85,236.76,80679,19402,81807
39.43,250.41,73182,17053,63313
27.11,260.47,60716,13784,40962
30.57,102.44,66691,15872,49418
42.67,113.33,74744,18966,68693
53.59,128.65,77477,20421,82723
61.78,152.25,80543,21348,92304
64.34,185.05,83748,21823,96667
59.78,215.73,84500,20855,93129
50.53,236.43,82014,18737,82594
39.14,250.09,75180,16415,64082
26.84,260.17,62169,13299,41118
30.43,102.85,65671,15836,48653
42.5,113.8,73687,19000,67789
53.37,129.17,76526,20525,81864
61.47,152.72,79731,21417,91445
63.96,185.18,81611,22736,95258
59.42,215.51,78095,24438,90643
50.21,236.11,71234,24783,78714
38.85,249.77,63992,21272,61671
26.56,259.86,52982,15479,41222
30.29,103.27,65619,15863,48631
42.33,114.27,73831,18922,67629
53.15,129.69,76693,20358,82028
61.15,153.19,79779,21400,91531
63.58,185.31,82660,22051,95627
59.05,215.29,78060,24059,90570
49.88,235.79,67394,26218,76611
38.55,249.45,59204,22766,59019
26.29,259.56,50427,15951,39480
29.87,104.52,65949,15887,48323
41.81,115.67,74817,19207,67655
52.45,131.24,78244,20708,82185
60.2,154.55,81008,21677,92193
62.42,185.67,83822,22119,96401
57.93,214.66,84397,21101,92151
48.89,234.85,81243,19159,80784
37.66,248.5,73644,16835,62138
25.45,258.67,60151,13374,39035
29.73,104.94,65693,15887,48190
41.63,116.14,74667,19135,67361
52.21,131.75,78195,20636,81949
59.88,154.99,81434,21677,91504
62.04,185.79,84572,22190,95627
57.56,214.46,84797,20997,91800
48.56,234.55,81680,18694,80483
37.36,248.19,74106,16351,61552
25.16,258.37,59747,13049,38349
29.58,105.36,64062,15819,47250
41.45,116.6,72936,19088,66412
51.97,132.25,76444,20575,80836
59.55,155.43,79184,21597,90190
61.65,185.91,81676,22145,94079
57.18,214.27,81488,21231,89507
48.22,234.24,77603,19112,77360
37.05,247.88,70080,16474,58983
24.88,258.07,56742,12984,36931
29.43,105.78,63127,15945,47177
41.27,117.07,72216,19307,66192
51.73,132.75,76179,20722,80361
59.22,155.85,79408,21709,89768
61.26,186.02,82069,22109,93757
56.8,214.07,82252,20809,89843
47.88,233.95,79476,18408,78166
36.75,247.57,71724,16025,59117
24.59,257.77,57146,12756,36398
29.28,106.2,64009,15881,46973
41.09,117.53,73133,19150,66224
51.48,133.25,77093,20651,80651
58.89,156.27,80300,21552,90006
60.87,186.13,82980,21910,93511
56.42,213.88,83148,20725,89154
47.54,233.65,79911,18367,77856
36.44,247.26,72108,16025,59093
24.31,257.48,57350,12724,36213
28.83,107.45,60801,16334,45062
40.52,118.91,70920,19688,64378
50.73,134.71,76842,20812,79437
57.89,157.49,80539,21642,88845
59.69,186.45,82950,22013,92281
55.27,213.33,77360,23245,85990
46.51,232.78,61914,25613,69548
35.51,246.35,48048,24706,50830
23.44,256.59,38374,18844,32599
28.67,107.87,54571,18637,43360
40.33,119.36,65159,21510,61933
50.47,135.19,70796,23024,76099
57.55,157.88,73430,24300,84551
59.3,186.55,73818,25448,86910
54.89,213.16,71253,26021,82412
46.16,232.5,66148,24495,70800
35.19,246.05,59753,19469,54014
23.14,256.3,46664,13634,34295
28.52,108.28,63696,15413,45968
40.13,119.82,72241,18949,64490
50.22,135.67,74341,21491,78036
57.21,158.27,76427,23193,86629
58.9,186.65,76879,24375,88795
54.5,212.98,73681,25185,83775
45.82,232.22,69327,22323,71473
34.88,245.75,58722,18050,52952
22.85,256.01,40430,15158,31805
28.36,108.7,63362,15328,45576
39.93,120.27,72972,18748,65014
49.95,136.14,77478,20299,79336
56.87,158.64,80588,21271,88543
58.51,186.75,80905,21704,90611
54.12,212.81,77355,20752,83381
45.47,231.94,72737,19278,71603
34.56,245.46,64216,17209,55289
22.56,255.71,49728,13097,34323
28.2,109.11,64131,14654,45077
39.73,120.72,74060,17980,64323
49.69,136.6,78987,20086,79286
56.53,159.01,81214,21223,88114
58.11,186.84,79166,22512,88830
53.73,212.64,73979,23661,82102
45.12,231.66,71261,21488,71253
34.25,245.16,67130,16706,54030
22.27,255.42,53448,12075,32493
27.71,110.35,64944,14525,44787
39.12,122.05,74987,17936,64233
48.89,137.96,79676,20006,79547
55.49,160.08,82621,20807,88781
56.92,187.1,84767,20401,90547
52.57,212.14,84143,19189,85349
44.07,230.85,79120,17784,72021
33.3,244.28,70227,15319,52650
21.38,254.55,54417,11555,32005
27.54,110.76,67235,14375,45725
38.91,122.48,77349,17763,65529
48.62,138.4,81966,19903,81132
55.14,160.42,85322,20733,90528
56.53,187.18,87208,20255,92347
52.18,211.98,86446,18785,86923
43.72,230.59,82103,17128,73221
32.98,243.99,73433,14865,53455
21.09,254.26,57707,11327,32388
27.37,111.16,65867,14178,44825
38.7,122.92,76586,17461,64215
48.34,138.84,81804,19515,79474
54.79,160.76,84629,20377,88543
56.13,187.26,86027,19979,90308
51.8,211.82,85202,18521,85676
43.37,230.32,80809,16868,72346
32.67,243.71,72062,14606,52421
20.8,253.98,55871,11099,31334
27.2,111.57,66126,14039,44646
38.48,123.35,76922,17384,64206
48.07,139.27,81953,19437,79574
54.44,161.08,84928,20235,88835
55.73,187.34,86429,19841,90654
51.41,211.66,86074,18489,85622
43.02,230.06,82066,16871,72266
32.35,243.42,72930,14509,52290
20.5,253.69,56738,10936,31149
27.03,111.97,67023,13935,44867
38.27,123.77,77806,17242,64476
47.79,139.69,82724,19363,79763
54.09,161.4,85958,20163,88862
55.34,187.41,87264,19632,90520
51.03,211.51,85522,18320,83096
42.67,229.81,81027,16742,69612
32.03,243.14,72493,14365,51791
20.21,253.4,56457,10789,30768
26.5,113.16,75047,16809,61919
37.61,125.03,78656,19644,75542
46.94,140.93,79874,20898,83514
53.04,162.32,77674,22024,83594
54.16,187.6,76021,22864,78968
49.88,211.04,70260,22273,67457
41.63,229.04,57165,18927,48399
31.09,242.29,42120,12754,28316
19.34,252.55,22702,6049,11164
26.32,113.55,77964,15920,63328
37.39,125.44,82903,18247,77949
46.66,141.33,85225,19656,86778
52.68,162.61,86052,19322,87457
53.76,187.66,84922,18092,81685
49.5,210.89,79750,16863,70020
41.28,228.79,69601,14836,50400
30.78,242.01,53958,10633,28362
19.05,252.26,30065,5171,11012
26.14,113.94,78188,15900,63411
37.16,125.85,83103,18265,78099
46.37,141.72,84621,19605,86544
52.33,162.89,85421,19211,87161
53.37,187.72,84745,17955,81387
49.11,210.74,80376,16254,68214
40.94,228.55,71043,13785,48972
30.46,241.74,54555,9990,28228
18.76,251.98,29819,5007,10732
25.95,114.33,78996,15872,62388
36.94,126.25,84836,17774,77602
46.09,142.1,87550,19146,86836
51.98,163.17,88590,19216,88794
52.98,187.77,87740,17959,83029
48.74,210.59,83487,16324,69704
40.59,228.3,74027,13918,49931
30.15,241.46,56789,10056,28756
18.48,251.7,30906,4971,10739
25.77,114.71,78300,15736,61552
36.71,126.64,84008,17568,76541
45.8,142.48,86450,18527,84158
51.62,163.44,87383,18563,85951
52.59,187.82,86420,17688,81362
48.36,210.44,81698,16057,68151
40.25,228.05,72161,13653,48666
29.84,241.19,55284,9824,27852
18.19,251.42,29835,4835,10281
25.21,115.84,77592,15428,60142
36.01,127.8,83981,17220,75326
44.93,143.58,86125,18174,82919
50.56,164.2,86655,18148,84609
51.43,187.95,86150,17242,79951
47.23,209.99,81811,15584,66463
39.23,227.33,71655,13123,46794
28.92,240.37,54086,9317,26356
17.35,250.58,28938,4455,9449
25.02,116.21,78099,15053,59873
35.78,128.18,84286,16910,74924
44.63,143.93,86326,17862,82442
50.21,164.44,86831,17803,84129
51.05,187.98,85097,17110,79132
46.86,209.85,79764,15790,65281
38.89,227.09,70431,13256,45872
28.62,240.1,53754,9217,25822
17.07,250.31,28917,4358,9149
24.82,116.58,75559,15980,58432
35.54,128.55,75654,20944,71604
44.34,144.28,68600,25836,76660
49.86,164.67,64675,26897,74983
50.66,188.01,63518,24293,67081
46.49,209.7,63242,19120,56843
38.56,226.85,61100,14250,42604
28.32,239.84,50363,9430,24305
16.79,250.03,28356,4116,8714
24.63,116.94,78336,14985,59232
35.31,128.92,84413,16743,74680
44.04,144.61,86759,17764,82047
49.5,164.9,86885,17837,83393
50.28,188.04,85511,16970,78407
46.13,209.55,80940,15316,64526
38.22,226.62,70482,12858,45000
28.02,239.57,53015,8949,24861
16.52,249.75,28479,4085,8604
24.44,117.3,79790,15368,60087
35.07,129.28,83995,17886,74927
43.75,144.94,83375,20651,81934
49.15,165.12,81752,22250,82956
49.9,188.06,80637,20560,76923
45.76,209.4,76420,17628,64517
37.89,226.38,62983,15221,46256
27.72,239.3,40589,11180,25044
16.25,249.48,17892,5125,8296
23.84,118.34,79672,14132,58659
34.35,130.32,85606,15944,74147
42.86,145.89,87719,16896,81394
48.11,165.73,87767,17158,82177
48.78,188.12,85091,16601,74940
44.68,208.96,79940,14815,60926
36.92,225.69,69870,12195,42996
26.85,238.51,52608,8303,23186
15.46,248.66,28711,3627,7702
23.64,118.68,75174,15690,56636
34.1,130.66,81083,17400,71358
42.57,146.19,86005,17408,79858
47.76,165.92,87797,16899,81884
48.41,188.13,83414,16967,75337
44.33,208.82,71276,17160,60344
36.6,225.46,49981,16836,40034
26.56,238.25,25079,13026,19498
15.2,248.39,8487,5256,5572
23.44,119.02,80980,14187,57994
33.86,130.99,87057,15955,73631
42.27,146.49,90092,16774,82449
47.41,166.1,90372,16767,83484
48.05,188.13,86420,16592,75327
43.98,208.67,79127,15496,60034
36.28,225.23,68136,12474,41782
26.28,237.99,43019,7987,21814
14.94,248.12,12470,3203,6777
23.24,119.35,80316,14016,56744
33.61,131.32,86793,15757,72184
41.97,146.77,90092,16611,81513
47.07,166.28,90423,16561,82888
47.68,188.14,88332,15712,75396
43.63,208.52,83105,14144,61152
35.97,225,72522,11771,43089
26,237.74,46767,7975,22776
14.69,247.85,14025,3251,7209
23.03,119.67,80367,13879,56375
33.37,131.64,86640,15560,71624
41.68,147.05,89367,16353,80838
46.73,166.45,89648,16363,82155
47.32,188.14,87577,15542,74647
43.29,208.37,81406,14242,59981
35.65,224.78,69666,12228,41703
25.72,237.48,44370,8267,21869
14.44,247.58,13362,3285,6777
22.42,120.62,81382,13742,55953
32.63,132.55,87833,15387,71640
40.79,147.84,91137,16146,80876
45.71,166.92,91073,16215,80348
46.25,188.11,88527,15430,72818
42.27,207.92,83542,13842,59719
34.74,224.1,72879,11467,41518
24.91,236.71,46640,7653,21547
13.71,246.78,13898,3019,6480
22.21,120.92,81659,13688,55781
32.38,132.85,88696,15265,71747
40.5,148.09,91902,16112,80957
45.38,167.06,91606,16157,80322
45.9,188.1,88880,15338,72634
41.94,207.78,83426,13742,59430
34.45,223.88,72714,11372,41202
24.65,236.46,46793,7556,21280
13.48,246.51,13949,2923,6345
22,121.22,80825,13449,54836
32.13,133.13,87808,15058,70730
40.21,148.34,91188,15870,80306
45.04,167.2,91073,15916,79742
45.56,188.08,88476,15168,71820
41.61,207.62,83491,13608,58774
34.15,223.66,72726,11239,40675
24.39,236.21,46410,7421,20879
13.25,246.25,13796,2827,6129
21.79,121.51,81835,13449,55046
31.89,133.41,88426,15115,69589
39.91,148.57,91785,15869,79197
44.71,167.33,92063,15824,80037
45.22,188.06,89385,15100,72004
41.29,207.47,83881,13574,58800
33.86,223.43,72890,11205,40569
24.13,235.96,46665,7354,20719
13.02,245.99,13847,2793,6021
21.58,121.8,80937,13415,54325
31.64,133.69,87644,15058,70201
39.62,148.8,90576,15870,79350
44.38,167.45,90780,15882,78711
44.88,188.03,88358,15066,70994
40.97,207.32,82467,13474,57717
33.58,223.21,70712,11072,39517
23.88,235.71,44625,7236,19944
12.8,245.72,13158,2715,5691
20.95,122.63,11665,17750,23593
30.9,134.47,19558,24976,37283
38.75,149.43,34819,28100,51648
43.42,167.78,57177,25919,63259
43.88,187.94,72172,20276,65091
40.04,206.86,70272,15807,53108
32.75,222.56,58092,12771,34795
23.16,234.97,35818,7860,17306
12.15,244.95,10480,2633,4721
20.74,122.89,70176,15856,49877
30.65,134.71,69607,21760,63002
38.47,149.63,67315,25648,69162
43.1,167.88,56909,29459,67205
43.56,187.9,35715,32178,55394
39.73,206.71,16167,28574,37966
32.48,222.34,6627,20304,22884
22.92,234.73,3245,10616,11256
11.95,244.69,979,2996,3128
20.53,123.15,81684,12859,53026
30.4,134.95,88375,14508,67148
38.18,149.82,91279,15284,75101
42.79,167.97,91506,15263,75836
43.24,187.85,89158,14521,69300
39.44,206.56,83426,13038,56201
32.22,222.12,71950,10640,38169
22.69,234.48,45594,6797,18877
11.75,244.44,13413,2453,5157
20.31,123.4,79613,12655,51266
30.16,135.18,86355,14268,65336
37.9,150,89284,15042,73159
42.47,168.05,89486,15091,73894
42.93,187.81,87560,14352,67515
39.14,206.4,81677,12837,54600
31.96,221.91,69717,10441,36852
22.47,234.24,44115,6609,18120
11.56,244.19,13005,2338,4902
20.1,123.65,50093,24367,46217
29.91,135.41,49421,29730,56898
37.62,150.18,44753,31709,59514
42.17,168.13,48660,29303,59117
42.62,187.76,64495,22592,60425
38.86,206.24,69360,16562,51990
31.71,221.69,56456,13231,35036
22.25,234,32977,8427,18152
11.36,243.93,9161,2881,4964
19.47,124.35,79705,12315,49888
29.18,136.04,86204,13958,63630
36.79,150.66,89158,14732,71374
41.27,168.33,87250,15760,73049
41.71,187.59,79978,16188,64806
38.02,205.77,72685,14117,49665
30.98,221.05,63291,11055,33692
21.62,233.29,40010,6903,16649
10.82,243.19,11730,2249,4331
19.26,124.57,79679,12145,49767
28.94,136.24,86355,13718,63537
36.52,150.8,89360,14490,71006
40.97,168.38,89638,14507,71768
41.42,187.53,87163,13807,65415
37.75,205.61,81561,12368,52845
30.74,220.84,69564,10007,35471
21.42,233.05,42891,6269,16927
10.65,242.94,12317,2144,4276
19.04,124.78,25857,23353,34213
28.7,136.43,26466,29962,44268
36.25,150.94,28892,33112,51832
40.68,168.43,32656,33141,54604
41.13,187.46,27534,30692,47978
37.49,205.46,15908,25468,34205
30.51,220.63,6006,16889,19208
21.23,232.82,1019,7335,7418
10.49,242.7,0,1566,1566
18.83,124.99,78054,12621,48577
28.46,136.61,85119,14454,62514
35.98,151.07,84354,16480,69669
40.4,168.47,80971,17285,69716
40.85,187.39,80104,15812,63143
37.23,205.3,75582,14103,50748
30.29,220.42,64770,11288,34036
21.04,232.59,41361,6479,16291
10.33,242.46,12317,2026,4122
18.62,125.19,78056,12909,48628
28.22,136.78,86792,13976,63097
35.72,151.2,90345,14456,71153
40.12,168.51,91170,14438,72001
40.57,187.32,89276,13705,65641
36.98,205.14,83232,12234,52735
30.08,220.21,70635,9840,35019
20.86,232.36,43784,6043,16550
10.18,242.22,12699,1991,4113
18,125.75,80396,11589,47618
27.52,137.27,87618,13174,61609
34.94,151.53,90698,13991,69405
39.3,168.58,90976,13975,70219
39.77,187.09,88577,13200,63945
36.26,204.65,82517,11818,51214
29.46,219.59,70171,9540,33767
20.34,231.68,43580,5804,15790
9.75,241.52,12597,1859,3868
17.79,125.93,80320,11521,47409
27.29,137.41,87542,13072,61163
34.69,151.62,90572,13837,68906
39.03,168.6,90799,13889,69694
39.52,187,88451,13166,63473
36.03,204.49,82568,11685,51078
29.27,219.39,70399,9340,33735
20.18,231.46,43835,5668,15602
9.62,241.29,12699,1824,3759
17.59,126.09,81482,11453,47619
27.06,137.55,88830,13038,61583
34.44,151.71,91961,13837,69484
38.78,168.61,91582,14229,70219
39.27,186.92,86986,14490,63578
35.81,204.33,75245,14520,49954
29.08,219.18,54100,13055,32672
20.03,231.24,27190,9076,15437
9.49,241.06,6572,3366,3611
17.39,126.25,81835,11386,47408
26.84,137.69,89259,12935,61399
34.2,151.8,92440,13666,69353
38.52,168.61,92718,13651,70193
39.02,186.83,90269,12930,63866
35.59,204.17,84083,11551,51288
28.9,218.98,71489,9273,33874
19.88,231.02,44421,5576,15661
9.37,240.83,12852,1739,3732
17.18,126.41,81053,11452,46830
26.61,137.81,89663,12731,61163
33.95,151.87,92642,13563,69064
38.27,168.61,92870,13616,69904
38.78,186.73,90446,12930,63630
35.38,204,84706,11551,51077
28.72,218.78,72089,9273,33661
19.74,230.81,44498,5576,15473
9.26,240.61,12852,1739,3623
16.59,126.82,76811,11655,44336
25.96,138.14,86229,12970,58459
33.25,152.06,87239,14840,65383
37.55,168.57,77275,19924,64776
38.1,186.44,53818,25997,55731
34.79,203.51,28741,25622,40033
28.23,218.19,14010,18298,23661
19.35,230.17,6608,9084,10279
8.95,239.96,1846,2366,2366
16.39,126.95,67014,13571,41606
25.75,138.24,80245,14364,56228
33.03,152.11,85547,14858,64470
37.33,168.55,86456,14703,65546
37.89,186.34,84790,13554,59771
34.6,203.35,79378,11785,47808
28.08,217.99,66785,9172,31160
19.23,229.96,40418,5301,14048
8.86,239.74,11424,1570,3189
16.2,127.07,69917,12218,41055
25.54,138.33,77896,14434,54574
32.81,152.15,80459,16228,63215
37.1,168.52,78030,17291,64310
37.68,186.24,74533,16302,57113
34.42,203.19,66938,14533,44336
27.93,217.8,55390,11532,28576
19.12,229.76,36134,6113,13095
8.77,239.54,11297,1546,3106
16.01,127.18,78553,11250,43954
25.33,138.41,86860,12867,57881
32.59,152.18,90597,13563,65966
36.88,168.49,91026,13514,66964
37.48,186.13,88931,12761,61058
34.25,203.02,83603,11284,49009
27.8,217.61,71079,8939,32106
19.01,229.56,43832,5303,14612
8.7,239.33,12674,1606,3351
15.82,127.29,69665,12680,41108
25.13,138.49,81103,14128,55545
32.38,152.21,85107,15623,65075
36.67,168.45,82901,17057,66790
37.28,186.02,77129,16862,58428
34.08,202.86,68175,15301,44746
27.67,217.42,53404,12390,28800
18.91,229.36,30916,7097,12942
8.62,239.13,8747,1945,2970
15.26,127.56,51605,19613,39177
24.54,138.68,61746,23234,52940
31.76,152.26,62985,25955,59613
36.07,168.31,61583,26158,59613
36.73,185.68,56352,24950,53111
33.63,202.37,49278,21693,41268
27.31,216.86,39991,14157,26531
18.65,228.77,21571,6198,11582
8.44,238.54,4876,1602,2339
15.08,127.64,40696,20435,34083
24.35,138.72,38052,23469,40568
31.57,152.27,37547,25820,46619
35.88,168.26,41461,27412,50765
36.57,185.56,42784,26568,47623
33.49,202.21,43750,22726,39374
27.21,216.67,39676,15555,27197
18.58,228.59,24895,7331,12385
8.39,238.35,7319,1874,2616
14.91,127.71,73236,11273,40227
24.17,138.77,80710,13601,53569
31.38,152.27,81507,15491,60533
35.7,168.2,80573,16040,61294
36.4,185.44,79361,14856,56228
33.36,202.05,74223,12658,44940
27.11,216.49,59517,9865,28612
18.51,228.4,34119,5674,12512
8.35,238.17,9461,1605,2749
14.73,127.77,76581,10901,40921
23.98,138.8,84815,12603,55125
31.2,152.26,89809,13275,63812
35.52,168.13,90794,13241,64941
36.25,185.32,88550,12491,59270
33.23,201.89,82697,11084,47488
27.02,216.31,69309,8766,30708
18.45,228.22,42228,5101,13724
8.31,237.99,12062,1510,3052
14.56,127.83,63776,7561,24130
23.81,138.83,80045,10523,41841
31.02,152.25,88587,12029,55915
35.35,168.07,92208,12694,64157
36.1,185.2,92642,12657,65482
33.11,201.73,90117,11973,59731
26.93,216.14,83666,10725,47568
18.39,228.04,70253,8568,30761
8.28,237.81,42917,5040,13779
14.07,127.95,60501,7387,22684
23.3,138.88,76526,10412,40018
30.51,152.18,85730,11988,54115
34.88,167.84,89555,12728,62051
35.69,184.82,88422,12959,62720
32.8,201.25,82580,13180,56122
26.72,215.62,75010,12543,44441
18.27,227.52,64169,9681,29289
8.22,237.3,39604,5346,13254
13.91,127.98,60321,7283,22378
23.14,138.88,77010,10309,39991
30.36,152.14,86190,11851,54303
34.73,167.76,90168,12557,62397
35.57,184.69,91429,12556,64002
32.71,201.09,89159,11940,58649
26.66,215.46,82747,10725,46799
18.24,227.36,69705,8568,30460
8.22,237.14,42488,5040,13607
13.76,128.01,62297,7213,22620
22.98,138.88,78642,10240,40286
30.21,152.1,87618,11748,54394
34.6,167.67,91469,12421,62514
35.46,184.56,92004,12421,64051
32.63,200.94,89531,11807,58645
26.61,215.29,83130,10626,47012
18.21,227.2,69743,8535,30495
8.22,236.98,42653,5040,13590
13.61,128.02,57299,7835,21786
22.83,138.87,73823,11427,38834
30.06,152.05,80861,14155,52391
34.47,167.58,78821,17599,60276
35.35,184.43,73797,19996,61640
32.56,200.78,73007,18416,55764
26.57,215.13,71375,14561,44383
18.2,227.04,61226,10461,29113
8.22,236.83,37256,5778,13079
13.46,128.03,35024,10157,20370
22.69,138.85,48272,18050,34559
29.92,152,45028,24815,44591
34.34,167.48,34246,27971,46421
35.25,184.3,23592,28369,41972
32.49,200.63,23252,27028,38557
26.53,214.97,32775,23114,34769
18.19,226.89,41066,14934,25105
8.23,236.69,31410,6345,11894
13.05,128.02,49649,7179,21030
22.28,138.76,75786,10344,38168
29.54,151.82,85349,11953,52258
34.01,167.18,89607,12612,60818
35,183.9,90168,12730,62328
32.33,200.17,88103,12093,57293
26.46,214.52,82824,10560,46322
18.19,226.45,70074,8302,30230
8.3,236.27,42840,4904,13617
12.92,128,47532,7073,20196
22.15,138.72,71936,10652,36758
29.42,151.75,79892,12862,50085
33.91,167.08,83079,13888,58009
34.93,183.76,84660,13604,60023
32.29,200.02,82697,13035,55491
26.45,214.37,73746,12529,44282
18.21,226.32,58625,10367,28287
8.33,236.15,35777,5816,12624
12.79,127.98,49700,7039,20573
22.03,138.68,58992,15375,33780
29.31,151.67,36218,24288,38670
33.82,166.97,21709,26496,38210
34.87,183.62,19346,25650,36552
32.26,199.88,19564,23828,33411
26.45,214.23,25654,18814,27524
18.23,226.18,32872,11866,19628
8.37,236.02,26087,5441,9954
12.67,127.95,46793,6813,19365
21.92,138.62,66147,11541,34525
29.21,151.59,66744,16126,46362
33.74,166.85,63603,20342,53284
34.81,183.49,58467,23634,54335
32.24,199.73,49918,23936,47921
26.46,214.09,40342,21508,36897
18.26,226.06,28236,17151,24044
8.41,235.91,13448,9609,10906
12.55,127.91,50414,6674,20328
21.81,138.57,76755,9759,37691
29.11,151.5,86241,11405,51891
33.66,166.74,90347,12182,60394
34.77,183.35,91214,12218,62434
32.22,199.59,89072,11649,57532
26.47,213.95,82952,10503,46454
18.29,225.93,70298,8435,30541
8.46,235.79,43492,5007,13881
12.23,127.76,3063,5197,5631
21.51,138.36,9064,10033,12726
28.86,151.22,13494,14281,20229
33.48,166.37,11748,18520,24770
34.67,182.93,9842,21238,26491
32.22,199.17,11922,20059,26035
26.55,213.57,12252,16772,21554
18.43,225.59,7926,11599,13483
8.65,235.49,2910,5297,5769
12.13,127.7,39627,7896,18037
21.42,138.28,65969,11696,35150
28.79,151.11,78489,13716,49680
33.43,166.25,78084,16519,57720
34.65,182.8,74340,18067,59557
32.23,199.04,75740,15715,54943
26.59,213.45,72803,12955,43884
18.49,225.49,64362,10002,29411
8.72,235.4,42942,5473,14161
12.04,127.64,52122,6429,20138
21.34,138.19,79203,9552,37634
28.72,151.01,88995,11200,52364
33.39,166.12,93279,11977,61507
34.64,182.66,94172,12016,63812
32.25,198.9,92081,11482,59069
26.63,213.33,86190,10404,47833
18.56,225.39,73568,8436,31667
8.8,235.32,45875,5100,14698
11.95,127.56,52352,6429,20138
21.27,138.1,79213,9552,37740
28.67,150.89,88653,11200,52550
33.36,165.99,92945,11977,61745
34.64,182.52,94318,12049,64130
32.28,198.77,92667,11549,59466
26.68,213.22,86675,10437,48230
18.63,225.29,73950,8469,31987
8.88,235.24,46155,5169,14887
11.87,127.48,52301,6429,19976
21.2,138.01,79688,9552,37633
28.62,150.78,89531,11303,52523
33.34,165.86,92768,12373,61387
34.65,182.38,91607,13095,63184
32.31,198.65,87315,13299,58144
26.74,213.11,78428,12693,46594
18.7,225.2,62577,10796,30315
8.97,235.17,37077,6541,13895
11.65,127.21,52632,6394,19841
21.02,137.69,80300,9552,37633
28.51,150.41,89990,11200,52762
33.31,165.45,93854,12011,61914
34.71,181.97,95129,12117,64129
32.46,198.28,93381,11616,59799
26.96,212.81,86980,10536,48893
18.97,224.97,74460,8602,32706
9.26,234.98,46997,5271,15475
11.59,127.11,52658,6394,19759
20.98,137.57,80049,9552,37659
28.48,150.28,89991,11200,52947
33.31,165.31,94410,12011,62204
34.75,181.83,95167,12117,64444
32.53,198.16,93046,11574,59929
27.04,212.72,87567,10494,49209
19.06,224.9,76060,8636,33344
9.36,234.93,48399,5375,15878
11.53,127,51741,6290,19544
20.94,137.45,78856,9449,37260
28.47,150.14,89057,11166,52166
33.33,165.16,93526,11977,61425
34.79,181.7,94435,12049,64050
32.6,198.05,92314,11540,59614
27.14,212.63,86557,10494,48866
19.17,224.84,74816,8636,33079
9.48,234.89,47481,5375,15798
11.48,126.89,51102,6290,19141
20.9,137.32,77867,9415,36621
28.46,150,87643,11063,51349
33.35,165.02,91986,11841,60506
34.84,181.56,92794,11948,63131
32.68,197.93,90597,11549,58774
27.23,212.55,84461,10536,48101
19.28,224.78,72266,8636,32383
9.59,234.85,45862,5375,15474
11.44,126.77,49802,6254,18737
20.88,137.19,76217,9449,36036
28.45,149.86,86204,11166,50986
33.37,164.87,90850,11977,60526
34.9,181.43,92440,12049,63388
32.76,197.83,91086,11582,59281
27.34,212.47,85578,10536,48601
19.4,224.73,72956,8703,32759
9.71,234.82,45135,5501,15671
