HD,DBT,RH,DSR,DiSR,GHR
8,10.1,51,479,88,228
9,11,47,654,112,389
10,13,44,772,115,514
11,15.5,37,828,113,581
12,17,34,843,107,580
13,19,30,838,91,516
14,20.1,27,770,77,392
15,22,23,594,58,221
16,22,23,0,25,68
8,8.1,47,632,61,241
9,9,57,770,80,405
10,10,37,838,96,529
11,10,36,860,102,589
12,11,38,822,103,567
13,12,28,738,108,485
14,13.3,30,685,91,371
15,14,29,586,61,220
16,15,29,0,27,75
8,2.1,47,698,60,260
9,2.1,48,840,77,430
10,6,30,908,86,556
11,7.9,25,933,90,619
12,11,24,930,90,616
13,12,17,900,85,546
14,13.7,17,829,76,417
15,15,11,680,59,246
16,15,10,0,27,82
8,3.2,38,684,61,257
9,3,37,818,80,423
10,6,30,874,92,545
11,6.4,32,903,97,611
12,8,29,909,96,612
13,10,25,884,90,545
14,10.6,24,822,79,418
15,11,22,683,59,249
16,12,17,0,27,84
8,-1.7,35,717,61,266
9,0.4,31,858,78,439
10,4.2,28,923,87,567
11,4.7,25,950,91,633
12,4.3,20,949,91,631
13,8.9,12,921,86,562
14,11,13,806,86,426
15,11.8,10,535,82,240
16,12.6,10,0,42,76
8,0,18,714,61,266
9,2,21,856,77,441
10,6,13,922,87,570
11,7.1,12,950,91,638
12,11,10,950,91,638
13,14,10,923,87,570
14,15.6,10,856,77,441
15,17,10,715,61,266
16,19,10,309,29,94
8,1.1,35,689,60,259
9,1,36,830,77,431
10,7.6,19,898,87,558
11,7.3,21,925,91,625
12,12,20,925,91,625
13,13,15,897,86,559
14,15.5,16,831,77,432
15,18,10,691,60,261
16,19,12,298,29,92
8,1.6,19,710,61,266
9,2,19,852,78,440
10,9,10,918,87,570
11,9.2,14,944,91,638
12,12,14,942,91,638
13,14,10,913,87,570
14,15.6,11,846,78,441
15,17,10,706,61,268
16,18,10,306,30,96
8,2.5,25,645,64,251
9,2.8,33,804,81,427
10,8.8,23,894,88,560
11,8.4,22,915,94,626
12,10,19,904,97,624
13,11,17,872,93,556
14,11.8,21,785,89,430
15,14,14,646,72,262
16,14,14,287,33,96
8,0.2,36,698,60,264
9,0,39,844,78,440
10,5,27,918,86,573
11,6.5,25,946,90,642
12,9,23,944,90,642
13,10,15,916,86,576
14,10.6,21,854,78,450
15,13,17,719,62,277
16,13,17,314,31,101
8,4.2,60,198,89,150
9,4,60,525,114,357
10,6.6,56,833,101,549
11,7.1,56,842,112,609
12,7.3,50,750,132,578
13,8.9,47,667,120,483
14,9.2,46,620,92,367
15,8,49,585,69,245
16,9,51,286,34,102
8,1,83,671,62,259
9,1,86,813,78,434
10,3,60,896,88,570
11,5.8,56,923,93,640
12,5.8,66,924,93,643
13,10,44,898,89,579
14,11.4,44,835,80,455
15,12,40,700,65,283
16,13,35,304,34,106
8,1.5,74,675,65,266
9,1,72,818,83,442
10,3,63,888,95,574
11,5,57,913,101,644
12,6.4,45,838,130,632
13,11,39,718,155,550
14,12.5,34,669,130,430
15,14,30,513,96,264
16,15,26,184,52,96
8,1.4,52,597,78,254
9,2,50,734,100,425
10,4,37,852,103,566
11,7.2,36,915,99,647
12,9,37,934,94,656
13,11,32,915,87,592
14,12,38,853,78,466
15,14,32,724,64,294
16,14,30,318,35,113
8,3.6,58,566,77,247
9,4,54,652,110,395
10,7,48,694,132,510
11,8.3,46,732,144,583
12,9,45,720,140,576
13,10,46,678,138,516
14,11.6,44,570,125,390
15,12,44,406,91,224
16,12,44,161,47,88
8,2.2,99,250,78,153
9,2.4,100,299,118,253
10,4,100,342,154,342
11,3.6,95,345,180,390
12,3.3,93,379,169,401
13,4.4,79,387,147,366
14,4.5,86,454,119,324
15,4.7,76,437,82,232
16,4.4,87,164,41,87
8,-0.2,97,357,90,199
9,0,92,598,113,394
10,1,86,823,106,563
11,1.8,80,835,115,627
12,2.2,63,838,126,644
13,5,52,781,134,580
14,4.6,51,577,137,416
15,7,38,445,111,254
16,5.8,44,433,49,115
8,-2.8,94,738,64,292
9,-1,71,876,81,478
10,0.4,52,943,90,617
11,1.1,54,969,95,692
12,1.8,42,969,95,697
13,6,39,945,91,632
14,5.3,42,889,83,504
15,9,35,771,67,327
16,9,34,574,37,135
8,2.9,36,708,63,284
9,0.5,34,835,82,462
10,5,30,894,93,595
11,7.4,34,863,120,654
12,10.1,33,696,164,599
13,12.8,23,445,212,473
14,15.5,22,444,184,387
15,17,18,507,108,282
16,18,18,324,56,117
8,7.7,48,636,73,276
9,7.5,46,763,100,449
10,11,40,786,128,572
11,13.3,31,807,142,646
12,14.7,26,739,168,634
13,21,18,528,211,522
14,18.4,17,245,202,329
15,17,17,46,137,156
16,18,13,3,59,60
8,0.6,55,774,65,313
9,0,55,906,81,504
10,3,26,969,90,646
11,4.3,20,993,94,723
12,7,22,992,95,729
13,9,14,968,91,663
14,10.7,16,913,83,533
15,13,10,801,68,352
16,14,10,599,40,153
8,-0.6,38,488,112,263
9,0,36,472,184,406
10,6.5,26,453,252,511
11,7.6,23,470,278,578
12,9.4,21,538,255,601
13,13.2,15,648,193,574
14,15.1,18,812,109,506
15,15.5,15,794,67,352
16,16.3,13,582,40,153
8,0.9,49,772,64,315
9,1.7,47,899,80,503
10,7,35,957,89,643
11,10.1,32,977,93,716
12,10.1,29,972,94,719
13,16,20,945,90,653
14,18.2,17,889,82,524
15,20,18,757,71,344
16,20,19,555,43,149
8,3.6,58,629,76,283
9,5,59,771,97,464
10,5,64,798,115,577
11,6.1,71,746,140,618
12,6,65,645,169,587
13,8,52,544,163,489
14,9.1,39,640,116,429
15,11,36,734,77,340
16,12,31,590,41,157
8,0.5,42,757,65,315
9,1,43,883,81,503
10,3,37,946,90,645
11,3.5,37,975,95,724
12,3.9,36,979,95,733
13,7,31,960,91,671
14,8.4,28,910,83,543
15,10,25,806,70,364
16,10,23,608,42,163
8,2.8,35,766,65,325
9,4,41,886,81,512
10,9,27,943,90,652
11,11.9,22,968,94,730
12,14,19,970,95,738
13,17,16,950,91,676
14,18.6,14,901,83,549
15,19,14,798,70,370
16,20,13,604,43,169
8,3.9,35,782,66,334
9,4.1,36,904,82,525
10,10,28,964,91,669
11,12.5,20,989,95,748
12,17,16,991,95,756
13,19,13,969,92,691
14,18.8,13,916,84,561
15,21,11,808,71,378
16,21,10,608,44,173
8,7,48,713,72,319
9,7.9,46,835,90,504
10,11,47,903,98,644
11,15.9,39,933,102,722
12,19,32,929,102,726
13,21,26,916,95,665
14,23.2,20,882,83,546
15,23,20,785,70,371
16,24,19,585,43,171
8,10.9,35,754,71,334
9,11.9,24,882,86,525
10,17,21,954,91,670
11,18.3,17,982,94,750
12,20,16,982,95,758
13,21,10,963,92,695
14,21,10,916,84,567
15,21,10,814,70,386
16,22,10,621,44,181
8,8.6,29,768,67,338
9,7.5,40,889,82,528
10,10.5,31,936,95,667
11,11.6,26,962,99,746
12,11.9,26,976,96,759
13,16,19,938,92,685
14,16.3,14,892,85,558
15,17,12,821,73,393
16,18,10,641,46,188
8,-0.3,23,806,68,360
9,1,21,915,83,552
10,5,16,968,92,695
11,6.9,15,991,96,774
12,9,13,992,97,782
13,12,10,973,93,719
14,13,10,926,85,589
15,14,10,821,74,405
16,15,10,632,48,195
8,1.5,29,778,68,353
9,2.5,24,889,83,542
10,8,15,943,91,684
11,10.5,16,968,95,762
12,13,12,971,96,771
13,15,13,953,93,709
14,16.1,14,907,85,581
15,18,13,814,72,402
16,19,12,631,47,196
8,0.5,46,159,185,247
9,1.1,44,276,262,410
10,4,27,370,305,541
11,5.3,32,417,327,616
12,4.7,33,621,249,682
13,8,27,803,158,681
14,8.9,25,706,154,547
15,10,18,635,120,374
16,11,17,564,57,191
8,0.1,35,785,69,363
9,0.5,34,895,84,554
10,6,19,948,93,696
11,6.4,20,947,109,769
12,9,19,907,129,768
13,11,13,888,124,706
14,13.3,11,879,99,586
15,15,10,808,77,410
16,16,10,632,50,202
8,4.8,24,519,112,309
9,5.6,24,615,149,474
10,9.7,21,639,179,588
11,10.7,20,761,161,698
12,12.1,20,920,111,763
13,15.8,18,941,92,712
14,18.8,16,899,84,587
15,14,16,805,72,407
16,14,16,610,49,201
8,12,48,126,169,216
9,11,39,109,254,313
10,11,39,148,304,402
11,11.6,37,221,321,479
12,13,35,398,260,546
13,17,27,680,158,610
14,21.4,26,782,110,557
15,25,22,703,88,388
16,25,23,540,55,195
8,6.9,71,770,74,378
9,7,70,878,89,569
10,13,47,932,98,711
11,14.6,41,957,102,790
12,16,36,961,102,799
13,17,34,943,99,736
14,17.2,32,898,91,607
15,19,28,809,77,426
16,19,26,627,53,216
8,6.8,53,768,76,383
9,8,52,883,90,575
10,11,43,936,99,718
11,14.2,37,959,103,796
12,15,36,963,103,805
13,19,30,948,99,744
14,20.7,24,905,91,615
15,21,15,815,78,431
16,22,17,631,54,220
8,6.6,52,790,75,393
9,10,42,895,90,587
10,13,22,946,99,730
11,16.2,23,969,104,808
12,18,18,970,104,816
13,18,18,952,101,751
14,19.2,16,907,93,621
15,20,14,816,79,437
16,21,11,634,55,224
8,6.9,29,568,123,347
9,9,29,583,182,510
10,11,26,587,236,627
11,15.1,22,552,278,681
12,18,18,597,269,709
13,20,13,716,198,687
14,21.2,17,781,130,587
15,22,14,720,99,416
16,23,14,494,65,206
8,4.6,88,594,96,347
9,5,93,561,162,475
10,8,81,455,239,550
11,7.6,72,399,279,576
12,9,66,429,274,595
13,11,58,502,198,549
14,11.2,54,549,137,459
15,13,47,573,112,370
16,14,44,454,68,194
8,2.7,79,797,81,419
9,4.2,60,900,96,615
10,9,49,952,105,760
11,10.5,47,975,109,839
12,14,38,976,109,846
13,16,31,957,105,779
14,17.6,26,906,99,644
15,19,22,795,90,453
16,20,20,575,68,234
8,9.5,85,755,81,405
9,11,76,845,98,589
10,13,47,854,113,703
11,15.8,47,850,119,759
12,17,42,779,143,735
13,19,32,688,162,649
14,19.4,30,681,139,549
15,20,38,560,113,376
16,20,28,333,74,173
8,6.8,94,85,95,136
9,6.5,87,141,158,240
10,9,73,147,198,300
11,9.2,81,144,217,326
12,10,71,227,231,403
13,11,66,378,206,472
14,10.9,63,415,171,424
15,10.3,54,381,128,303
16,13,51,301,70,158
8,5.6,60,733,89,409
9,6.7,54,811,111,589
10,10,54,780,143,687
11,11.5,51,665,189,694
12,10.2,44,605,204,667
13,11.9,36,544,189,580
14,11.9,47,481,162,454
15,12.7,42,399,126,316
16,16,40,311,79,164
8,9.6,46,762,84,428
9,13,44,860,99,618
10,15,39,888,116,750
11,18.7,27,893,125,817
12,22,23,824,152,794
13,24,22,675,194,686
14,24.4,22,483,198,505
15,24,24,323,153,308
16,22,29,241,88,161
8,12.2,57,770,86,436
9,14,47,867,102,629
10,18,37,916,112,771
11,20,30,912,128,839
12,22,25,860,156,830
13,24,17,749,177,726
14,25.6,20,706,158,596
15,25,12,607,121,420
16,25,12,375,87,204
8,14,37,803,87,456
9,16,31,902,102,654
10,18,25,953,111,801
11,19.5,20,973,116,878
12,21,16,971,116,880
13,22,11,952,112,811
14,23.9,11,909,103,675
15,25,10,824,89,486
16,25,10,652,65,265
8,8.6,25,788,90,456
9,9.5,17,892,104,654
10,14,15,943,113,799
11,14.7,15,963,119,876
12,16,13,955,123,878
13,19,10,930,121,807
14,19.2,13,887,110,672
15,20,10,807,93,484
16,22,11,642,67,265
8,9.1,25,682,113,440
9,13,19,820,129,636
10,15,15,793,177,755
11,15.1,15,742,222,809
12,16,16,740,217,805
13,18,14,796,169,758
14,18.8,13,827,128,653
15,20,12,762,101,473
16,21,14,592,70,255
8,14.7,38,731,94,446
9,16,28,842,113,648
10,16,34,895,129,795
11,18.2,29,906,136,865
12,19,26,910,135,869
13,20,22,904,128,808
14,20.8,20,874,109,674
15,22,18,790,92,485
16,22,18,628,70,270
8,10.2,33,703,115,464
9,13,27,878,111,674
10,15,17,936,117,819
11,18.9,17,955,122,894
12,21,15,957,122,896
13,22,14,930,122,825
14,22.2,13,765,157,662
15,22,13,497,179,436
16,22,13,285,122,218
8,9.3,32,294,212,364
9,12,34,405,277,538
10,15,28,492,309,683
11,16.4,26,593,290,771
12,18,23,674,249,797
13,20,20,733,208,764
14,21,19,749,164,650
15,22,17,737,112,481
16,24,10,613,73,272
8,11.6,25,575,134,417
9,15,26,688,156,606
10,18,23,766,176,755
11,21,26,689,233,794
12,23,26,574,258,728
13,24,19,440,272,611
14,23.5,21,294,263,459
15,24,20,173,213,305
16,25,21,60,133,157
8,12.3,46,763,96,479
9,14,41,863,111,674
10,16,36,880,124,794
11,17.1,26,905,129,871
12,18,25,946,124,901
13,19,22,932,120,834
14,21.5,16,892,111,699
15,22,14,812,96,509
16,23,11,651,72,287
8,5.7,25,819,98,518
9,6.9,23,903,113,714
10,12,20,945,123,855
11,13.5,17,964,127,929
12,14,16,966,127,931
13,16,14,951,123,861
14,16.6,10,914,113,723
15,18,10,833,98,529
16,20,10,668,74,301
8,5.7,13,829,99,527
9,7.7,13,911,114,724
10,12,10,954,124,866
11,15.3,10,972,129,941
12,17,10,973,130,943
13,19,10,956,125,871
14,20.6,10,904,121,728
15,21,10,791,114,527
16,22,10,603,89,296
8,12.4,19,282,203,363
9,13,19,596,202,613
10,16,19,812,169,806
11,18.4,18,835,181,881
12,22,18,723,230,838
13,24,17,508,261,665
14,24.9,16,228,263,427
15,26,17,173,185,267
16,27,17,260,90,174
8,15.6,56,22,173,185
9,16,57,134,277,375
10,15,55,446,293,653
11,15.8,51,718,211,818
12,18,42,716,201,806
13,20,35,600,206,679
14,22.2,28,397,200,479
15,22,40,288,168,314
16,18,39,228,112,198
8,7.5,52,805,100,527
9,11.2,44,865,122,711
10,12.7,38,853,159,831
11,14.3,33,831,179,881
12,14.1,23,783,195,858
13,17.9,22,674,221,755
14,17.8,20,586,199,598
15,18,19,424,153,387
16,16,22,237,108,192
8,12.4,22,423,218,457
9,14,18,646,216,671
10,17,10,767,209,824
11,20.5,13,819,200,903
12,24,10,871,168,914
13,25,10,823,173,832
14,26.3,10,649,200,653
15,27,10,455,184,433
16,28,10,348,119,240
8,16.3,25,53,201,228
9,17,27,60,257,301
10,17,17,137,289,401
11,17.4,20,175,302,452
12,20,20,121,341,445
13,23,16,114,364,454
14,24.2,13,155,311,417
15,27,10,195,227,328
16,28,11,204,146,217
8,16.6,39,786,101,536
9,19,34,862,116,723
10,21,28,904,125,857
11,23.9,23,915,132,923
12,25,21,887,141,907
13,26,20,705,172,745
14,26.8,18,442,210,524
15,27,16,215,185,310
16,27,17,103,111,146
8,22.3,23,809,102,552
9,24,27,886,116,743
10,25,20,928,125,880
11,25.6,17,935,133,945
12,27,21,927,134,936
13,27,15,844,149,833
14,28.4,14,592,189,612
15,29,14,358,180,378
16,30,11,320,110,219
8,17.7,55,671,119,497
9,20,46,767,139,684
10,21,40,848,144,839
11,22.6,30,915,136,932
12,23,25,929,132,938
13,25,19,914,127,867
14,26.3,14,879,118,732
15,27,10,817,100,545
16,28,10,670,78,322
8,10.2,18,710,83,362
9,12,15,844,104,589
10,13,14,914,118,779
11,14.9,16,950,127,914
12,16,16,965,131,982
13,17,15,964,131,977
14,18.1,15,945,126,900
15,19,10,904,116,756
16,21,12,826,102,560
8,10.4,27,695,83,360
9,11.2,21,829,104,583
10,16,15,897,118,770
11,17.3,19,933,127,903
12,19,17,949,131,970
13,20,17,933,140,961
14,20.8,17,884,151,878
15,22,17,812,153,731
16,22,17,730,130,535
8,9.9,30,697,83,364
9,15,28,830,104,587
10,17,25,899,118,775
11,19.2,22,936,127,908
12,21,19,952,131,975
13,22,17,950,131,970
14,22.8,16,932,126,894
15,25,14,893,116,752
16,24,15,818,102,558
8,11.6,15,694,84,366
9,18,19,823,104,587
10,21,15,889,118,771
11,23.4,14,922,127,901
12,25,18,897,148,946
13,25,13,809,171,889
14,26.2,12,780,170,813
15,28,11,754,160,701
16,27,11,716,129,526
8,16.1,23,692,84,368
9,15.7,19,821,105,589
10,23,16,889,119,775
11,24.5,14,904,133,893
12,25,14,832,175,917
13,25,14,753,211,880
14,26.9,12,692,214,790
15,27,11,686,185,673
16,27,10,630,150,509
8,15,25,688,86,376
9,17,25,801,112,592
10,20,20,866,127,776
11,22.8,17,877,152,897
12,25,15,820,183,922
13,26,14,780,191,890
14,27.1,13,767,190,831
15,28,13,758,169,716
16,28,12,721,130,540
8,18.6,20,699,89,386
9,20,19,811,114,603
10,24,15,859,138,783
11,24.9,15,869,162,904
12,27,13,821,195,937
13,30,11,762,221,906
14,30.4,11,655,240,792
15,30,12,454,252,588
16,30,12,259,219,374
8,19.8,26,662,94,380
9,21,25,805,109,599
10,24,22,851,134,775
11,26.8,18,817,186,885
12,27,17,719,249,900
13,28,17,680,270,882
14,28.5,17,755,216,847
15,29,16,814,145,734
16,30,15,718,119,536
8,19.6,31,0,102,103
9,21,30,4,186,189
10,25,24,54,309,353
11,26.5,22,146,393,521
12,26,24,167,408,560
13,26,24,120,410,519
14,26.6,23,141,394,511
15,27,23,306,304,518
16,28,22,407,204,438
8,17,39,674,90,384
9,21,45,771,120,593
10,23,29,802,135,745
11,25.3,27,867,134,884
12,25,22,920,141,980
13,26,18,923,139,975
14,27.1,16,917,128,902
15,28,11,879,118,762
16,28,10,807,104,570
8,16.4,36,259,158,271
9,17,36,419,204,477
10,19,24,736,174,750
11,19,23,902,134,919
12,21,21,910,141,978
13,22,20,903,143,967
14,23,18,879,142,890
15,24,16,828,133,745
16,24,16,680,129,532
8,13.7,31,683,93,399
9,15,30,765,121,600
10,17,27,817,149,781
11,20.3,23,840,175,909
12,22,21,827,192,954
13,24,17,814,191,936
14,23.6,17,766,198,853
15,25,16,656,208,696
16,25,16,537,184,501
8,15.3,30,704,92,411
9,17,27,819,111,628
10,19,24,878,125,807
11,21.9,21,909,135,932
12,24,19,925,138,993
13,25,18,875,159,962
14,26,17,755,180,828
15,27,17,729,162,699
16,28,15,677,136,538
8,16.9,25,709,92,416
9,20,20,821,111,632
10,23,18,881,125,811
11,23.7,17,913,134,936
12,26,14,893,155,981
13,27,15,823,184,941
14,28.3,13,720,222,841
15,29,12,613,236,694
16,29,12,522,197,506
8,19.1,28,630,108,397
9,21,26,697,154,597
10,24,22,804,154,786
11,26.1,20,901,134,928
12,28,17,888,155,979
13,29,16,815,197,948
14,29.5,16,675,227,810
15,30,15,592,205,645
16,29,16,497,168,468
8,18.3,46,188,169,259
9,20,43,274,247,427
10,23,36,525,249,675
11,25.2,31,715,227,862
12,26,28,726,235,914
13,28,25,672,258,882
14,29,22,479,297,715
15,29,20,298,265,492
16,28,20,232,187,325
8,19.3,39,514,132,373
9,21,35,649,155,582
10,23,31,811,145,789
11,26.5,24,841,151,898
12,28,28,764,199,915
13,30,18,687,223,861
14,30.4,17,665,210,785
15,28,25,531,197,605
16,30,18,349,165,376
8,18.2,50,638,107,411
9,18,52,701,150,603
10,20,49,743,168,760
11,22.1,41,805,171,890
12,25,34,751,219,923
13,25,32,660,265,879
14,27.8,26,540,290,763
15,28,23,384,291,583
16,29,22,337,228,428
8,19.3,43,54,188,215
9,20,43,81,274,327
10,20,43,73,331,388
11,16.7,43,34,279,308
12,18,42,3,240,243
13,17,39,5,221,226
14,16.6,40,26,198,220
15,17,72,44,244,278
16,19,60,67,250,288
8,16,67,250,175,299
9,17,63,361,230,470
10,18,59,572,227,692
11,20,48,695,234,855
12,22,43,538,307,813
13,23,38,441,331,743
14,23.8,35,369,313,639
15,25,32,258,273,470
16,25,32,211,169,298
8,21.6,26,405,249,518
9,25,22,449,315,677
10,26,21,470,377,801
11,27.3,20,577,341,888
12,28,17,754,234,941
13,31,13,838,165,898
14,31,12,707,187,734
15,32,10,455,199,483
16,33,10,257,142,258
8,20,36,290,285,470
9,20,40,158,380,505
10,21,35,117,439,545
11,24,26,183,462,636
12,27,25,241,435,662
13,27,20,152,400,537
14,28.4,17,37,295,326
15,30,15,3,159,161
16,30,18,4,84,86
8,21.6,57,236,312,473
9,22,51,355,330,622
10,24,34,462,303,722
11,24.6,32,576,263,812
12,24,34,665,228,854
13,25,25,599,220,748
14,26.6,27,532,186,591
15,27,24,447,146,425
16,28,22,261,113,232
8,18.3,30,792,124,655
9,19,30,796,157,799
10,21,26,793,174,894
11,21.8,25,795,186,943
12,23,23,778,197,931
13,26,20,735,189,837
14,27.2,23,603,180,647
15,28,23,474,152,445
16,29,16,271,113,242
8,17,34,795,123,657
9,20,28,856,137,833
10,21,26,893,146,957
11,21,23,905,150,1013
12,23,20,895,150,994
13,26,17,872,144,912
14,26,18,814,138,765
15,26,20,683,132,556
16,27,16,537,109,342
8,15.4,40,785,127,660
9,20,32,841,141,829
10,21,30,802,181,911
11,23.2,25,751,222,940
12,25,19,711,255,929
13,23,17,493,294,737
14,27.6,18,284,298,519
15,29,20,194,250,374
16,28,16,103,151,198
8,15.7,44,738,137,636
9,15.5,49,736,168,768
10,22,33,701,204,844
11,25,34,748,203,920
12,25,33,798,181,939
13,26,27,699,204,827
14,26.8,27,600,205,669
15,28,24,479,183,487
16,27,24,337,146,295
8,19.5,41,785,126,661
9,21,39,822,147,821
10,25,18,795,186,913
11,27.2,18,763,211,943
12,28,17,709,215,890
13,28,19,655,223,804
14,27.2,14,617,201,681
15,28,14,530,171,503
16,29,13,424,135,323
8,19.6,34,776,130,660
9,21,30,822,151,826
10,27,23,837,170,937
11,28.2,22,798,206,972
12,29,21,744,222,929
13,30,17,739,202,858
14,30.6,15,745,171,749
15,31,15,655,147,561
16,32,15,507,121,347
8,20.2,25,781,127,661
9,24,24,819,150,823
10,26,29,824,171,927
11,28,16,788,201,959
12,30,15,705,251,923
13,31,14,613,258,805
14,33.2,15,624,204,684
15,34,12,576,163,529
16,34,12,404,133,316
8,20,54,552,192,575
9,21,53,700,190,773
10,22,46,766,176,881
11,23.4,41,608,238,824
12,25,36,450,290,721
13,27,32,436,259,649
14,28.2,40,473,214,581
15,29,39,517,168,489
16,30,38,423,127,325
8,19,49,719,138,635
9,20,46,769,165,800
10,22,38,684,187,815
11,23.6,34,546,238,765
12,25,32,464,289,734
13,26,28,404,270,632
14,27.6,33,407,225,540
15,28,30,410,177,437
16,29,30,348,122,279
8,20,35,764,130,658
9,24,27,800,152,814
10,26,23,794,168,901
11,27,18,707,211,894
12,29,19,619,253,845
13,30,23,631,220,782
14,31,17,634,181,677
15,31,16,620,151,541
16,31,17,553,107,360
8,22,31,762,130,657
9,25,28,817,144,822
10,27,23,837,158,931
11,29.8,18,821,173,967
12,31,17,798,185,949
13,32,15,775,184,878
14,33,19,716,171,734
15,33,18,608,155,543
16,34,18,412,134,330
8,24.2,23,774,131,668
9,26,22,829,145,834
10,28,13,858,155,948
11,29,12,870,159,1002
12,31,15,867,158,989
13,33,15,848,152,912
14,34,10,809,141,777
15,35,12,739,125,596
16,36,12,616,102,386
8,24,24,776,133,674
9,27,25,830,148,840
10,28,19,858,159,955
11,29,14,872,164,1010
12,31,11,872,162,999
13,32,13,855,155,924
14,34,13,819,143,790
15,34,12,753,127,609
16,34,10,635,104,399
8,24,15,796,136,691
9,26,12,855,151,864
10,27,14,888,161,984
11,29,10,899,165,1038
12,31,10,896,164,1025
13,33,10,877,158,947
14,33.8,10,838,146,810
15,35,10,770,130,624
16,35,10,651,106,409
8,23.6,17,779,135,679
9,25,18,836,150,848
10,33,15,868,159,965
11,35,11,880,163,1018
12,36,11,876,163,1006
13,36,10,857,157,929
14,37.8,10,799,146,780
15,39,10,604,158,556
16,39,10,462,133,343
8,30,17,784,136,683
9,32,15,840,151,852
10,32,10,870,161,969
11,35.4,10,883,165,1023
12,36,10,880,164,1012
13,37,10,862,158,935
14,37.8,10,824,146,800
15,38,10,756,130,617
16,39,10,636,106,405
8,21.6,19,782,137,684
9,24,20,840,152,854
10,26,18,872,161,971
11,27.8,15,882,165,1024
12,29,15,876,164,1009
13,30,14,855,158,929
14,30.8,13,814,146,793
15,32,11,745,129,610
16,32,11,626,106,400
8,24,16,751,142,668
9,26,12,814,155,836
10,28,11,848,163,952
11,30.8,12,860,168,1006
12,33,13,856,168,994
13,35,10,801,179,906
14,35.4,10,702,190,751
15,38,10,617,171,572
16,38,10,523,132,381
8,26,14,757,137,668
9,30,15,764,173,810
10,31,16,684,237,872
11,32.4,12,654,272,910
12,34,14,673,258,908
13,35,11,647,242,829
14,35.8,11,577,234,697
15,37,11,460,208,511
16,38,10,320,156,312
8,26.8,18,776,139,684
9,28,18,832,154,852
10,30,11,862,164,967
11,31.4,13,875,169,1022
12,34,12,872,168,1011
13,34,10,853,162,935
14,35,10,815,150,801
15,36,10,750,132,621
16,36,10,635,109,412
8,25.1,21,757,137,669
9,27,18,813,153,834
10,29,16,833,164,940
11,31.1,14,836,174,989
12,33,12,832,179,984
13,35,11,815,170,910
14,35,10,735,174,765
15,35,10,562,183,556
16,36,10,347,155,329
8,26,22,486,244,589
9,27,21,644,232,775
10,28,15,778,195,921
11,30.6,17,839,174,993
12,33,12,822,179,976
13,35,12,656,225,827
14,34.6,11,409,266,600
15,36,10,255,239,408
16,36,10,154,168,246
8,21.1,48,734,141,657
9,23,45,793,156,821
10,24,37,826,166,936
11,25,34,840,170,991
12,27,32,809,169,954
13,28,26,788,163,879
14,28.6,24,754,158,765
15,30,20,671,146,587
16,30,19,459,134,367
8,22,24,746,139,664
9,24,29,803,155,828
10,26,18,835,165,943
11,27.4,16,848,169,998
12,29,19,845,169,988
13,31,13,827,163,915
14,31.5,12,789,151,785
15,32,12,724,133,610
16,33,11,607,110,405
8,24.8,27,748,140,666
9,27,25,805,156,831
10,29,14,837,166,946
11,30.8,12,836,176,993
12,33,14,790,198,964
13,35,11,744,208,886
14,35.5,11,725,185,768
15,37,10,666,153,593
16,37,10,561,121,392
8,27.2,13,750,141,668
9,30,12,807,157,834
10,31,12,839,167,949
11,32.9,10,852,171,1005
12,35,11,834,174,984
13,37,10,763,189,886
14,37.3,10,703,184,749
15,39,10,649,156,585
16,38.8,10,568,123,397
8,28.1,15,740,142,662
9,29,15,792,162,825
10,32,12,818,176,939
11,33.1,14,828,185,994
12,34,13,807,188,971
13,36,10,780,185,896
14,36.6,10,746,173,774
15,38,10,654,155,590
16,38,10,527,127,385
8,27.7,15,739,142,661
9,31,14,798,158,827
10,32,12,832,168,944
11,34.3,10,846,173,1002
12,36,12,845,173,994
13,38,10,827,167,922
14,38.4,10,789,155,793
15,39,10,716,140,616
16,40,10,593,117,410
8,30.5,10,770,146,686
9,30,10,825,162,854
10,32,10,856,172,971
11,32.8,10,870,177,1028
12,34,10,868,177,1020
13,35,10,851,171,949
14,36.3,10,815,159,818
15,37,10,750,141,640
16,37,10,636,117,431
8,23.7,15,748,145,669
9,25,19,805,161,835
10,27,14,836,171,950
11,28.4,17,848,175,1005
12,30,13,845,174,996
13,31,13,824,168,922
14,32.3,16,784,156,791
15,33,14,715,138,615
16,34,14,601,114,411
8,24.2,23,728,143,654
9,25,22,786,159,818
10,28,20,819,169,933
11,29.8,17,833,174,990
12,32,18,831,174,982
13,33,18,811,168,910
14,34,12,772,156,781
15,35,14,700,139,606
16,35,14,575,116,402
8,25.4,19,724,143,651
9,28,22,783,159,815
10,29,15,817,170,931
11,31,12,832,175,988
12,33,15,830,174,982
13,34,10,812,168,912
14,35.2,10,774,156,784
15,36,11,707,139,611
16,38,10,592,115,409
8,26.6,14,726,144,652
9,29,17,781,162,815
10,31,10,791,175,911
11,32.9,10,775,190,948
12,34,10,713,222,917
13,36,10,681,222,845
14,37.1,10,682,194,748
15,38,10,562,185,566
16,39,10,414,154,361
8,27.9,16,615,166,597
9,29,11,716,179,780
10,31,10,775,192,913
11,33.3,10,791,197,971
12,35,10,799,194,971
13,37,10,761,192,891
14,36.7,10,699,190,759
15,38,10,616,174,588
16,38,10,509,136,390
8,28,17,723,143,648
9,29,16,782,161,814
10,31,10,816,172,932
11,33,11,828,179,989
12,35,11,828,178,984
13,36,10,803,175,912
14,36.9,10,749,170,779
15,38,10,679,152,607
16,38,10,574,123,409
8,27.5,11,728,146,655
9,29,10,790,163,823
10,33,10,826,174,943
11,35.4,10,842,179,1003
12,36,10,841,179,998
13,38,10,824,173,929
14,37.7,10,787,161,802
15,39,10,722,143,628
16,40,10,609,119,423
8,29.2,11,726,146,653
9,31,13,788,163,821
10,33,10,824,174,941
11,35.6,10,840,180,1002
12,37,10,840,180,998
13,38,10,824,174,929
14,38.8,10,787,162,802
15,39,10,720,144,628
16,40,10,607,119,423
8,25.8,10,729,147,655
9,29,13,789,164,822
10,32,10,824,175,941
11,34.9,10,840,181,1002
12,37,10,839,181,997
13,38,10,821,174,928
14,38.6,10,783,162,801
15,39,10,716,144,626
16,39,10,602,119,423
8,28.2,10,724,147,651
9,33,12,786,164,818
10,36,10,820,175,938
11,36.2,10,836,181,999
12,38,10,836,181,995
13,39,10,818,175,926
14,39.8,10,777,164,798
15,41,10,692,152,619
16,41,10,571,129,416
8,29.3,11,721,147,648
9,34,10,781,164,814
10,35,10,811,177,931
11,36.4,10,827,183,992
12,39,10,826,180,985
13,40,10,807,175,916
14,39.6,10,772,163,793
15,41,10,682,149,611
16,41,10,563,125,407
8,29,16,705,145,635
9,31,16,767,163,801
10,33,10,803,174,920
11,34.9,13,819,180,980
12,37,12,821,179,978
13,39,10,800,173,908
14,39.4,10,761,162,783
15,41,10,696,145,614
16,41,10,575,121,411
8,29.6,18,710,146,639
9,32,18,773,164,806
10,35,10,808,175,925
11,36.2,10,823,181,985
12,37,12,822,180,981
13,39,10,806,174,915
14,39.1,10,769,162,791
15,40,10,704,145,619
16,40,10,592,120,418
8,30.2,16,702,146,631
9,33,14,758,166,794
10,36,10,792,178,913
11,37.4,10,813,180,975
12,39,10,757,199,937
13,40,10,673,220,839
14,40.8,10,677,194,744
15,41,10,674,150,604
16,42,10,574,120,410
8,29.9,11,653,162,614
9,33,10,705,178,760
10,36,10,729,199,875
11,38.8,10,768,208,958
12,40,10,796,190,965
13,41,10,761,194,895
14,41.7,10,708,188,765
15,42,10,657,158,602
16,43,10,528,134,402
8,28.4,14,698,145,627
9,29,17,759,163,791
10,30,16,793,174,908
11,32.5,22,807,180,967
12,34,20,806,179,963
13,36,16,783,175,895
14,37.6,13,738,164,767
15,39,12,649,150,590
16,39,11,522,127,390
8,28.2,30,683,145,616
9,30,27,748,163,781
10,31,26,783,174,899
11,32.4,24,799,180,959
12,34,27,797,179,954
13,35,19,777,173,887
14,36.5,22,738,161,764
15,38,19,672,143,596
16,39,18,560,117,400
8,28,29,684,145,615
9,30,27,748,162,780
10,31,26,783,174,898
11,33.3,21,799,179,958
12,36,24,797,179,954
13,37,15,767,177,882
14,38.6,18,723,167,758
15,40,14,666,145,594
16,41,13,554,118,398
8,30,17,670,146,606
9,31,16,746,164,779
10,34,12,784,176,900
11,35.1,12,800,182,961
12,38,15,800,181,959
13,38,13,783,175,894
14,39.1,12,746,163,772
15,40,11,680,144,602
16,41,11,566,118,404
8,27.7,16,685,147,615
9,29,15,750,165,782
10,31,13,787,177,903
11,33.4,10,804,183,965
12,35,13,804,182,964
13,36,11,788,176,899
14,37.6,11,751,163,776
15,39,10,685,145,606
16,41,10,572,119,407
8,29.4,15,666,152,608
9,30,13,741,166,776
10,33,11,762,185,887
11,35.7,10,785,190,954
12,37,12,802,182,961
13,39,10,786,174,896
14,39.6,10,750,163,775
15,41,10,682,145,605
16,41,10,536,122,396
8,31.9,11,609,154,570
9,33,14,611,216,715
10,36,10,527,296,779
11,38,10,509,307,801
12,40,10,525,286,797
13,40,10,499,280,740
14,40.8,10,536,242,675
15,42,10,461,202,521
16,43,10,305,164,316
8,29.6,24,641,159,596
9,30,27,695,186,757
10,31,24,729,196,868
11,32.6,20,744,204,927
12,35,16,746,210,934
13,36,13,755,189,881
14,37.6,15,734,164,763
15,39,13,666,145,594
16,39,10,534,122,392
8,25.4,18,712,152,634
9,28,14,779,171,808
10,30,12,815,183,932
11,32.8,10,831,189,996
12,34,10,830,189,993
13,36,10,811,182,925
14,37.1,10,771,169,797
15,38,10,700,150,620
16,39,10,581,123,414
8,27.7,13,689,148,615
9,31,10,756,166,784
10,30,11,793,178,905
11,33.1,10,810,183,968
12,36,10,808,183,965
13,37,10,786,178,897
14,38.3,10,740,168,770
15,39,10,671,148,598
16,39,10,561,119,399
8,27.7,22,668,146,597
9,30,21,735,165,766
10,31,19,779,176,890
11,32.6,17,797,181,953
12,34,15,793,183,951
13,35,13,770,179,884
14,36.2,14,733,166,761
15,37,10,667,146,594
16,38,10,551,121,396
8,27.2,18,680,146,604
9,31,15,748,164,775
10,33,12,788,176,898
11,34,11,806,182,962
12,36,13,802,182,958
13,37,11,765,186,886
14,37.6,11,728,175,765
15,38,10,673,148,599
16,39,10,560,120,398
8,27.6,14,683,145,605
9,29,13,726,172,762
10,33,10,722,206,866
11,36.7,10,723,210,911
12,39,10,703,213,893
13,39,10,607,240,797
14,40.2,10,556,221,670
15,41,10,536,171,530
16,41,10,439,132,351
8,28.6,15,698,143,610
9,32,12,763,161,781
10,34,10,799,173,903
11,36.6,11,816,179,967
12,38,11,816,179,966
13,39,10,799,173,901
14,39.1,10,761,161,776
15,40,10,694,142,604
16,40,10,579,117,402
8,27.9,13,705,143,614
9,30,12,773,162,788
10,33,10,812,174,914
11,36,10,830,180,980
12,37,10,830,180,980
13,38,10,813,174,914
14,38.6,10,774,161,787
15,40,10,706,143,611
16,40,10,588,117,406
8,27.5,11,706,142,613
9,30,10,773,160,786
10,33,10,810,172,910
11,36.2,10,828,177,975
12,39,10,819,177,966
13,41,10,751,197,882
14,41.9,10,623,223,729
15,43,10,524,205,552
16,43,10,439,155,370
8,29.8,10,706,142,611
9,33,10,766,162,781
10,35,10,764,187,882
11,36.5,10,782,194,947
12,38,10,805,188,962
13,40,10,723,191,850
14,40.7,10,636,193,706
15,42,10,593,174,565
16,42,10,503,129,376
8,29.1,25,696,140,602
9,30,27,758,160,772
10,32,24,796,171,895
11,33.2,22,817,173,959
12,35,18,779,187,936
13,37,16,677,209,825
14,37.7,21,558,214,666
15,39,18,529,179,523
16,40,18,485,127,365
8,26.7,33,670,139,582
9,28,30,743,155,753
10,30,27,786,165,878
11,30.8,25,803,172,942
12,33,23,802,171,940
13,33,23,776,169,871
14,34.7,19,729,161,745
15,36,18,657,141,572
16,37,16,548,112,375
8,27.3,13,613,113,410
9,29,12,732,138,620
10,31,12,802,156,800
11,33.5,10,841,168,929
12,36,11,858,174,995
13,36,10,857,173,993
14,38.1,10,838,167,924
15,39,10,797,155,792
16,40,10,727,137,612
8,28.9,17,601,111,402
9,31,16,716,135,606
10,33,14,782,152,779
11,34.4,13,818,164,903
12,37,11,834,169,967
13,39,10,834,169,966
14,38.6,11,816,163,900
15,40,10,779,152,773
16,40,10,710,135,598
8,29.1,18,599,110,399
9,33,15,716,134,604
10,34,15,782,151,777
11,36.5,13,819,163,902
12,38,11,836,168,967
13,38,11,836,168,966
14,39.1,11,820,162,900
15,40,10,782,151,774
16,40,10,714,133,598
8,27.6,18,612,110,404
9,32,16,729,135,612
10,34,11,797,152,789
11,36.1,10,836,163,918
12,37,10,853,169,983
13,38,10,852,169,981
14,38.2,10,834,163,913
15,39,10,797,151,784
16,40,10,729,134,607
8,27.4,25,585,109,386
9,31,21,704,133,591
10,34,18,781,148,769
11,36,17,814,163,894
12,37,15,791,190,941
13,37,15,731,207,901
14,38.4,14,691,206,824
15,39,12,680,188,723
16,40,14,638,154,563
8,27.7,27,552,109,374
9,29,27,698,131,584
10,32,17,742,161,748
11,33.6,20,726,172,823
12,36,18,713,190,868
13,37,16,703,223,890
14,37.5,16,607,253,798
15,38,15,540,235,658
16,38,15,567,167,526
8,27,31,525,117,369
9,28,30,675,141,579
10,30,27,758,152,754
11,31.5,25,793,161,872
12,32,24,789,175,923
13,34,22,775,180,914
14,35,20,740,184,844
15,36,19,646,179,690
16,37,17,560,156,512
8,26.7,25,594,105,385
9,29,23,716,128,591
10,31,21,790,145,770
11,32.7,19,830,156,899
12,35,19,850,162,966
13,36,13,852,162,967
14,35.7,13,831,159,899
15,36,14,795,148,771
16,37,13,735,128,596
8,26.1,21,625,106,399
9,28,20,744,129,609
10,30,19,811,146,786
11,31.6,18,848,156,914
12,34,14,865,162,980
13,35,13,865,162,978
14,35.7,12,848,156,909
15,37,10,810,145,778
16,37,10,741,128,597
8,23.6,22,632,104,397
9,25,26,752,127,607
10,28,22,819,143,786
11,29,20,857,154,915
12,31,16,874,159,982
13,32,14,875,159,981
14,31.9,13,859,153,911
15,33,11,821,143,779
16,34,11,752,126,597
8,22.1,15,646,104,403
9,24,15,766,128,617
10,26,14,834,144,798
11,27.8,13,872,154,928
12,29,11,890,160,995
13,31,10,891,160,994
14,31.3,10,874,154,923
15,32,10,836,143,789
16,33,10,767,126,604
8,20.4,11,665,105,411
9,24,10,786,128,628
10,26,10,851,144,810
11,27.5,10,886,154,939
12,30,10,902,159,1005
13,31,10,901,159,1002
14,32,10,883,153,929
15,33,10,845,142,793
16,33,10,774,126,606
8,20.8,11,667,104,410
9,25,10,790,128,630
10,27,10,857,145,815
11,28.5,10,894,155,946
12,30,10,910,160,1013
13,32,10,910,160,1010
14,33.3,10,893,155,936
15,35,10,853,143,799
16,34.7,10,782,126,609
8,22,11,650,103,400
9,26,10,773,127,616
10,28,10,841,143,799
11,29.3,10,879,154,930
12,32,10,896,159,997
13,33,10,896,159,994
14,33.4,10,878,153,921
15,35,10,838,142,784
16,35,10,766,125,596
8,24,18,615,100,379
9,26,15,738,124,589
10,29,13,807,141,766
11,31.8,12,844,151,892
12,34,11,861,156,955
13,35,10,860,155,951
14,36.7,10,842,149,879
15,37.3,10,799,139,744
16,38,10,711,126,558
8,25.1,17,596,104,374
9,28,16,734,126,586
10,30,11,804,142,763
11,31.5,11,842,152,889
12,34,13,858,157,953
13,36,11,859,156,949
14,37.2,10,836,152,875
15,38,10,790,142,739
16,38,10,710,125,554
8,25.4,21,606,100,372
9,29,18,732,124,582
10,31,16,802,140,759
11,34.3,13,841,151,885
12,37,17,858,156,949
13,38,12,857,156,945
14,37.5,12,838,150,872
15,39,12,783,141,731
16,38,11,711,124,549
8,25.6,20,605,100,371
9,29,18,731,124,580
10,33,11,803,140,758
11,34.5,13,842,151,885
12,37,11,858,156,948
13,38,10,856,156,942
14,38.5,10,836,150,869
15,39,10,789,141,732
16,39,10,701,126,545
8,26.9,21,600,99,367
9,29,19,727,123,576
10,31,16,797,140,753
11,35,13,836,151,878
12,36,13,852,157,941
13,37,10,851,156,936
14,37.8,11,778,176,844
15,39,10,712,172,701
16,39,10,634,140,519
8,23.9,28,567,98,350
9,25,28,702,125,559
10,27,24,776,142,735
11,28.8,23,824,150,863
12,31,21,843,155,926
13,33,20,842,154,919
14,34.3,19,820,148,844
15,35,19,776,137,708
16,36,18,696,119,525
8,23.3,31,595,99,360
9,29,23,725,123,569
10,30,24,797,140,746
11,32.4,20,835,151,871
12,34,19,851,155,932
13,36,15,849,155,924
14,38.2,11,828,149,849
15,39,10,784,137,712
16,40,10,704,119,528
8,28.2,20,589,99,356
9,30,19,719,123,564
10,34,16,793,140,742
11,34.2,15,833,151,868
12,35,14,849,156,929
13,36,14,847,155,921
14,37.8,11,827,149,846
15,38,11,783,135,707
16,39,10,703,117,522
8,26.3,19,588,99,355
9,30,18,720,123,564
10,30,15,792,140,740
11,29.9,18,831,151,865
12,33,20,847,156,925
13,34,15,846,155,917
14,35,14,827,147,842
15,36,13,776,136,701
16,37,11,681,122,512
8,24.3,14,594,99,357
9,25,12,727,125,567
10,27,11,799,142,745
11,29.6,10,838,152,870
12,32,13,855,157,931
13,34,11,853,157,922
14,34.2,10,831,150,845
15,35,11,786,138,706
16,36,10,702,119,519
8,20.4,18,585,99,349
9,23,18,720,125,559
10,26,10,756,153,716
11,27.4,12,792,165,839
12,30,13,839,164,916
13,32,10,840,161,909
14,32.8,10,828,150,834
15,34,10,784,137,695
16,35,10,692,120,506
8,23.3,14,569,102,345
9,24,14,710,128,555
10,28,10,760,159,724
11,28.1,10,767,185,834
12,30,10,794,184,894
13,31,10,826,167,899
14,33.4,10,817,156,829
15,35,10,758,144,682
16,36,10,670,122,492
8,21.2,15,586,99,348
9,25,15,723,125,558
10,28,10,797,142,735
11,29.9,10,835,153,858
12,32,10,852,158,917
13,33,10,849,157,907
14,34.6,10,825,150,826
15,36,10,776,137,685
16,36,10,691,118,497
8,22.6,16,576,99,342
9,25,16,713,124,550
10,28,10,785,143,726
11,31.8,10,827,154,850
12,33,10,843,158,908
13,35,10,815,172,890
14,36.2,10,740,184,790
15,37,10,664,177,643
16,38,10,585,146,465
8,27.6,13,575,98,340
9,30,16,713,124,549
10,31,10,788,141,724
11,33.1,10,827,152,847
12,35,12,844,157,905
13,36,10,835,158,891
14,37.2,10,719,190,779
15,38,10,610,197,621
16,38,10,546,152,448
8,24.7,11,577,98,338
9,28,10,718,125,548
10,31,10,795,143,725
11,34,10,836,154,849
12,37,10,852,159,907
13,38,10,850,157,895
14,39,10,822,152,812
15,40,10,764,142,666
16,41,10,673,120,475
8,23.2,10,574,98,335
9,29,11,716,125,545
10,31,10,794,143,723
11,32.7,10,836,154,847
12,35,10,852,159,905
13,36,10,848,158,892
14,37.2,10,823,151,809
15,38,10,771,137,664
16,39,10,675,117,471
8,24.1,19,559,97,326
9,27,15,699,124,532
10,28,15,776,141,706
11,29.7,16,817,152,827
12,32,15,833,157,883
13,34,15,826,157,868
14,35.3,15,788,155,782
15,36,13,727,141,634
16,37,12,641,116,450
8,22.7,29,552,96,322
9,24,29,695,123,528
10,26,28,773,141,702
11,27.8,23,815,152,823
12,30,19,831,157,879
13,32,17,827,156,866
14,32.4,16,802,148,783
15,34,13,749,135,640
16,34,11,650,115,450
8,21,26,556,97,323
9,25,21,701,124,530
10,26,20,779,141,705
11,27.8,17,820,152,825
12,30,19,836,157,881
13,32,11,832,156,867
14,33.7,11,807,149,784
15,34,10,753,135,640
16,35,11,654,115,449
8,21.4,18,529,100,310
9,24,16,665,132,513
10,30.1,10,763,146,692
11,30.7,10,814,154,815
12,31.2,10,830,159,870
13,34,10,830,156,856
14,35.8,10,696,178,724
15,36.9,10,519,198,541
16,38,10,420,163,373
8,23.6,21,464,110,296
9,26,18,614,145,496
10,28,17,711,162,670
11,29,16,757,176,788
12,31,13,758,185,831
13,34,10,734,193,810
14,34.9,11,678,193,718
15,36,10,614,165,566
16,36,10,542,127,395
8,23.6,36,549,93,310
9,24.9,33,696,120,515
10,26.2,21,757,141,677
11,27.5,21,776,164,790
12,29,23,792,172,845
13,30.6,14,754,183,815
14,32.1,16,706,182,723
15,33,14,648,155,577
16,34,13,488,132,376
8,21.4,34,545,92,307
9,23,33,694,119,511
10,24,29,775,136,684
11,25.7,27,815,146,801
12,28,23,830,152,854
13,30,21,789,151,809
14,30.5,19,736,152,714
15,32,16,684,148,590
16,34,14,558,123,396
8,20.5,29,553,92,308
9,23,25,701,118,513
10,24,25,781,135,685
11,26.4,21,823,146,805
12,29,18,826,154,850
13,30,17,758,167,796
14,31.6,17,700,174,705
15,33,13,691,151,591
16,34,12,619,112,410
8,20.4,35,557,91,304
9,22,33,706,117,509
10,23,29,788,134,681
11,24.9,26,831,144,800
12,26,24,847,148,852
13,27,23,840,146,833
14,28.4,20,802,143,742
15,28.7,19,742,130,595
16,29,19,636,107,405
8,17.9,31,578,90,311
9,17.3,27,730,116,519
10,24,24,811,133,695
11,26.4,21,854,144,816
12,27,20,870,148,869
13,28,17,866,146,850
14,29.5,12,838,139,761
15,30,11,780,125,611
16,31,10,668,105,414
8,18.1,21,571,89,305
9,18.3,17,723,115,512
10,23,18,802,132,684
11,25.1,16,843,142,802
12,27,15,859,146,854
13,29,12,854,144,835
14,30.4,11,826,137,746
15,31,10,767,123,597
16,31,10,654,103,402
8,18.7,22,570,88,302
9,20,22,722,114,508
10,22,20,803,131,681
11,24.4,18,845,141,800
12,26,15,862,145,853
13,27,16,858,143,834
14,28.7,12,830,136,746
15,29,13,771,123,596
16,30,12,659,102,401
8,17.2,25,578,88,304
9,19,22,731,113,511
10,22,20,811,130,684
11,24.4,17,852,140,801
12,26,15,867,144,852
13,27,12,861,142,832
14,29.1,10,833,135,742
15,30,10,772,121,591
16,30,10,657,100,396
8,23.3,21,711,111,491
9,26,14,762,137,648
10,28,15,804,147,764
11,29.3,12,802,151,797
12,31,12,760,166,766
13,33,10,746,163,698
14,33.7,12,626,153,531
15,35,10,484,126,336
16,35,10,328,70,156
8,21,20,725,109,495
9,27,15,805,125,665
10,29,13,845,135,779
11,30.1,12,860,139,828
12,32,13,853,137,807
13,33,11,821,130,715
14,33.8,10,736,124,560
15,34,10,622,103,368
16,35,10,437,59,169
8,15.2,34,723,108,491
9,21,33,803,124,660
10,22,31,843,133,774
11,24.6,26,858,137,822
12,27,23,851,135,800
13,29,19,820,128,709
14,29.5,17,757,115,559
15,31,15,637,94,366
16,32,13,429,57,164
8,21.1,22,736,108,495
9,23,22,822,125,670
10,26,12,867,134,790
11,28.7,11,884,138,841
12,30,13,879,136,819
13,32,10,850,129,727
14,32,10,787,116,573
15,33,10,665,95,375
16,33,10,449,57,167
8,19.3,20,735,108,492
9,22,15,816,123,662
10,24,11,857,133,777
11,26.7,13,873,136,826
12,28,11,867,134,804
13,29,10,837,127,712
14,30.4,10,773,114,560
15,31,10,650,93,364
16,32,10,435,56,160
8,11,42,723,106,477
9,16,28,806,121,645
10,18,25,849,129,759
11,19,25,865,133,806
12,21,23,860,131,783
13,22,21,830,123,692
14,24.1,20,766,110,541
15,25,19,639,89,347
16,26,18,422,52,148
8,13.7,31,729,103,475
9,17,27,810,118,642
10,19,24,851,127,754
11,20.1,23,867,130,802
12,22,21,861,128,779
13,23,20,816,125,682
14,24.6,17,748,112,530
15,26,17,633,88,341
16,26,17,421,51,144
8,11.1,28,710,106,466
9,18,25,779,129,630
10,20,22,719,179,703
11,21.6,21,654,214,717
12,23,20,640,198,678
13,25,15,612,158,572
14,25.1,12,616,124,463
15,26,12,576,95,319
16,27,15,412,48,137
8,10.8,29,725,103,468
9,12.7,28,812,117,636
10,18,23,852,127,748
11,19.4,24,866,130,793
12,22,23,855,129,766
13,23,20,823,121,674
14,24.1,23,757,108,524
15,25,16,626,87,331
16,25,18,414,48,136
8,8.9,38,745,104,477
9,11.5,30,820,123,644
10,17,27,844,140,752
11,18.8,24,824,159,787
12,21,21,804,161,757
13,23,14,786,143,668
14,23.9,13,706,127,513
15,25,16,512,109,312
16,25,15,266,62,120
8,15,25,745,96,462
9,18,21,825,111,626
10,20,20,863,120,736
11,23.5,18,875,124,779
12,26,17,855,127,750
13,27,15,822,119,656
14,28.6,12,754,103,505
15,30,13,616,82,312
16,31,13,412,43,123
8,17.2,31,706,105,447
9,19,28,768,127,605
10,22,23,830,128,718
11,24.7,22,865,123,768
12,27,27,857,121,742
13,28,19,771,131,635
14,29,17,613,132,459
15,30,15,358,109,252
16,30,23,127,54,81
8,14.7,55,748,97,459
9,18,45,833,111,626
10,21,38,875,119,737
11,22.7,33,892,122,783
12,24,27,880,122,756
13,26,21,815,123,650
14,27,18,737,110,494
15,28,15,599,80,300
16,30,15,245,40,110
8,15.7,33,749,95,455
9,18,30,834,110,622
10,19,21,876,118,733
11,21.7,25,891,121,777
12,24,22,883,119,751
13,24,20,850,112,657
14,25,19,780,99,504
15,26,17,642,78,310
16,26,17,275,41,118
8,14.9,28,751,94,453
9,17,27,834,109,617
10,20,22,874,117,727
11,22.5,20,888,120,771
12,26,15,879,118,744
13,27,15,847,111,650
14,28.5,13,758,102,493
15,29,12,608,83,299
16,29,13,262,42,112
8,9.4,32,760,93,448
9,15,30,845,108,614
10,17,25,886,116,724
11,19.5,22,901,119,768
12,22,21,894,117,741
13,23,18,860,110,646
14,24.8,17,787,97,492
15,25,13,642,76,297
16,26,12,273,39,108
8,9,29,764,94,448
9,13,27,853,107,615
10,18,18,895,115,725
11,21.5,16,908,119,768
12,24,17,898,117,740
13,26,10,863,109,644
14,28.1,11,790,96,489
15,29,10,644,75,294
16,30,10,274,38,106
8,12.2,21,757,92,440
9,15,22,844,106,605
10,18,14,887,114,715
11,21.4,19,902,117,759
12,23,17,893,115,732
13,25,15,859,108,637
14,26.1,13,787,95,483
15,27,12,640,74,289
16,27,11,271,37,103
8,12.5,25,767,92,441
9,15,22,854,106,608
10,17,13,897,114,718
11,20.1,16,912,117,762
12,23,16,903,115,734
13,24,15,868,108,638
14,25.8,13,794,95,483
15,27,10,644,74,288
16,27,10,272,36,102
8,9.8,42,750,91,431
9,13,44,838,106,595
10,15,39,881,114,704
11,15.6,38,895,117,746
12,17,36,885,115,718
13,19,32,848,107,622
14,20.6,28,770,94,468
15,22,25,617,73,276
16,22,25,258,35,96
8,9.7,69,86,102,141
9,9,62,141,176,259
10,10,58,244,231,394
11,10.5,61,455,214,530
12,11,62,680,169,622
13,11,54,729,129,563
14,12.7,51,636,111,413
15,14,59,492,83,239
16,15,59,204,35,80
8,6.4,62,684,95,394
9,10,62,692,142,533
10,13,51,680,179,624
11,13.8,49,660,198,652
12,15,44,483,252,577
13,17,42,232,268,410
14,18.2,37,86,207,250
15,18,39,44,124,137
16,18,39,19,42,46
8,14.6,21,764,88,421
9,16,22,854,102,585
10,19,17,897,110,694
11,22.5,13,911,112,737
12,26,13,901,110,708
13,26,10,865,104,612
14,26.3,10,788,91,459
15,27,10,631,69,266
16,27,10,263,32,89
8,15.2,16,744,86,408
9,15,17,833,100,569
10,18,14,877,108,676
11,21.3,12,891,111,718
12,24,16,881,109,690
13,26,10,845,102,596
14,28,13,765,90,444
15,28,10,610,68,256
16,28,10,255,31,84
8,11.9,30,477,150,355
9,16,22,506,210,491
10,19,20,468,257,558
11,22.4,15,410,257,535
12,23,14,550,205,561
13,27,11,720,141,559
14,27.7,10,640,114,411
15,29,12,458,88,231
16,29,10,0,38,74
8,7.8,34,740,84,394
9,10,33,832,98,553
10,13,29,876,106,659
11,16.2,24,890,108,701
12,20,19,830,124,660
13,21,18,746,119,544
14,22.2,16,687,95,403
15,23,16,555,73,237
16,24,16,0,30,75
8,7.8,30,738,83,390
9,10.1,29,833,96,550
10,16,26,878,104,656
11,18.3,22,892,107,697
12,21,18,883,105,670
13,23,14,843,99,576
14,25.1,13,765,86,427
15,26,17,600,64,241
16,27,17,0,29,75
8,10.8,36,240,138,239
9,12,37,267,215,357
10,14,27,250,278,434
11,16,31,312,291,497
12,19,26,320,278,483
13,21,23,210,243,364
14,20.8,22,95,180,225
15,22,18,21,98,105
16,23,17,0,28,28
8,6.8,58,710,86,376
9,7.8,66,814,100,538
10,13,48,856,111,642
11,15,50,799,132,654
12,13,42,782,126,620
13,18,37,782,111,549
14,18.1,33,701,102,409
15,19,28,570,69,231
16,20,26,0,27,72
8,4.8,52,707,90,377
9,6,49,824,101,541
10,12,40,887,104,650
11,14.2,37,903,106,693
12,16,34,894,104,666
13,17,32,857,98,573
14,19.4,25,776,85,423
15,21,21,610,63,236
16,21,19,0,27,72
8,4.8,20,748,79,374
9,7.2,19,845,93,534
10,13,16,891,101,640
11,17.1,12,906,103,682
12,21,14,896,101,656
13,23,10,858,95,563
14,24.6,10,776,83,413
15,26,10,608,61,228
16,27,10,0,25,68
8,6.3,22,747,78,370
9,7.4,22,844,92,530
10,14,14,890,100,636
11,17.2,15,904,103,677
12,19,14,894,101,651
13,22,13,858,94,559
14,22.2,12,778,81,411
15,23,11,611,59,226
16,24,10,0,25,67
8,6.1,25,758,78,371
9,9,23,856,92,533
10,12,13,903,100,641
11,17,15,918,103,683
12,20,12,896,106,655
13,23,10,827,110,557
14,24.7,10,663,111,395
15,26,10,397,90,204
16,27,10,0,36,57
8,5.7,21,761,77,369
9,8.4,18,860,91,531
10,13,11,908,99,639
11,16.8,14,923,101,682
12,20,11,913,99,655
13,22,10,875,93,562
14,24,10,791,81,412
15,25,10,619,59,226
16,26,10,0,24,66
8,7.5,18,740,80,364
9,8.9,15,866,89,529
10,15,10,910,98,637
11,18.7,10,925,101,679
12,21,10,915,99,653
13,23,10,877,93,560
14,25.2,10,793,81,410
15,27,10,621,59,224
16,28,10,0,24,65
8,13.6,10,691,82,341
9,14,11,831,91,504
10,17,10,877,100,610
11,17.9,10,851,118,642
12,18,12,667,175,576
13,19,10,379,222,427
14,19.4,15,175,191,266
15,20,16,89,105,129
16,20,13,0,28,34
8,4.4,47,576,98,314
9,4.7,45,752,105,479
10,6.1,40,838,108,593
11,6.4,39,857,111,636
12,7.6,38,856,106,613
13,9.3,34,824,96,526
14,9.4,33,741,81,382
15,12,32,569,57,205
16,9.9,32,0,22,57
8,0.9,52,646,80,315
9,1.3,51,739,101,465
10,4.1,36,804,112,575
11,4.5,31,782,130,606
12,4.4,40,748,133,574
13,6.3,27,721,116,492
14,6.5,27,605,106,353
15,7.1,27,487,70,190
16,7.5,24,0,21,55
8,2.8,46,723,76,338
9,3,42,833,91,497
10,1.8,31,888,98,606
11,2.5,21,907,100,651
12,2.9,26,896,98,625
13,5.3,20,865,91,538
14,5.8,19,791,78,396
15,6.4,19,617,56,214
16,6.6,19,0,22,60
8,-1.4,41,613,88,310
9,-1,42,767,101,473
10,1,36,840,108,585
11,0.2,35,838,125,631
12,0.4,31,788,134,595
13,2,29,732,123,500
14,2.2,30,619,111,361
15,2.5,27,439,80,192
16,2.7,30,0,27,53
8,-1.3,67,416,122,272
9,-1,62,582,151,430
10,1,51,623,187,534
11,2.3,49,612,201,565
12,3.1,55,596,190,534
13,7,48,505,178,437
14,6.7,52,448,132,306
15,7,40,318,69,155
16,9,39,0,21,35
8,2.2,81,382,126,263
9,2.7,79,405,159,344
10,7,64,341,184,374
11,7.2,60,403,207,445
12,7.7,58,419,212,454
13,10.9,47,425,187,400
14,11.3,45,425,140,308
15,10,42,338,84,167
16,10,40,0,26,47
8,2.6,72,656,75,302
9,3.2,70,780,92,458
10,6,55,811,110,559
11,7.2,50,804,120,595
12,9,49,792,119,573
13,10,38,780,104,498
14,11,27,684,87,358
15,12,26,484,62,184
16,13,27,0,22,49
8,3,65,702,72,310
9,4,65,808,90,467
10,9.4,37,872,97,578
11,10.9,39,898,98,626
12,13,40,891,96,605
13,14,25,854,89,519
14,15.6,25,768,77,377
15,17,25,592,54,201
16,18,23,0,21,55
8,4.4,67,523,40,135
9,6,65,728,69,314
10,9,53,842,84,473
11,12.2,44,895,92,582
12,15,36,913,95,629
13,16,31,904,93,607
14,18,29,864,87,520
15,18,27,777,76,378
16,19,26,0,54,201
8,6.6,78,490,39,125
9,8,81,692,69,296
10,9,60,809,84,452
11,10.2,58,864,92,560
12,12,67,884,95,606
13,14,45,842,97,572
14,15.5,50,762,102,482
15,16,45,695,90,357
16,16,42,0,57,192
8,5,80,485,38,122
9,5,81,693,68,295
10,9,66,817,83,453
11,10,61,873,91,562
12,12,54,895,94,610
13,12,41,889,93,592
14,14,50,851,87,509
15,15,37,765,76,371
16,15,44,0,54,197
8,2.3,79,511,37,124
9,3.3,75,711,67,297
10,8,61,831,82,456
11,10.7,57,887,90,566
12,11,46,907,93,614
13,12,38,898,92,595
14,12.9,37,858,86,512
15,14,34,772,75,372
16,15,41,0,54,198
8,2.8,77,455,40,118
9,4,75,669,74,287
10,9,61,779,94,443
11,9.3,59,807,115,546
12,11,54,739,153,576
13,13,44,708,160,556
14,13.3,42,724,128,486
15,14,31,676,97,357
16,16,36,0,63,191
8,6.6,67,212,46,101
9,7,66,460,103,248
10,9,57,478,158,369
11,10,59,413,205,424
12,11.9,48,264,237,388
13,16,39,196,230,340
14,15.4,44,263,194,323
15,16,39,379,141,279
16,17,36,0,73,172
8,3.6,54,294,37,111
9,3.7,55,680,68,280
10,8,44,807,84,438
11,11.5,35,867,91,549
12,12,34,890,95,599
13,12,34,878,96,583
14,13.8,29,850,87,504
15,15,28,775,73,370
16,15,26,0,52,199
8,1.4,56,285,35,107
9,1.8,55,647,68,269
10,7,52,764,88,422
11,8.6,48,803,101,523
12,7.8,42,826,104,572
13,11,43,834,99,561
14,12.2,40,788,99,486
15,13,38,659,94,350
16,13,38,0,65,183
8,1.1,57,302,35,109
9,1.6,54,673,68,274
10,6,47,480,153,345
11,7.6,44,220,228,343
12,9,41,194,216,325
13,11,36,175,212,308
14,11.6,34,202,165,264
15,13,29,291,101,207
16,13,27,0,63,143
8,3.6,73,291,33,105
9,3.1,70,627,66,256
10,6,65,670,105,394
11,7.8,59,633,139,468
12,10,50,603,161,501
13,11.1,46,538,181,479
14,12.3,42,437,167,382
15,13.1,40,344,138,273
16,14,38,0,93,146
8,4.9,66,300,33,105
9,4,69,689,63,273
10,8,57,817,79,432
11,10.2,51,875,88,544
12,12,47,897,91,596
13,12,47,892,90,582
14,13.4,42,855,85,504
15,15,39,772,74,370
16,16,36,0,53,200
8,6.3,95,9,18,21
9,6,93,53,46,65
10,6,93,128,79,136
11,5.2,90,137,126,196
12,5,87,92,169,221
13,8,81,100,174,229
14,6.9,74,132,144,208
15,7.5,71,109,101,144
16,7.5,66,0,57,70
8,1.3,88,218,38,88
9,1.8,87,559,77,248
10,4.3,87,735,95,410
11,6.8,80,805,108,524
12,5.8,71,720,143,545
13,9,66,724,137,534
14,9.5,57,754,106,478
15,11,54,674,93,350
16,11,50,0,60,203
8,0.4,71,311,31,103
9,0.9,73,711,62,272
10,6,55,842,78,436
11,6.7,54,903,86,553
12,9,45,926,90,608
13,11,36,921,89,596
14,13.1,31,885,84,519
15,14,25,805,74,384
16,14,23,0,54,212
8,0.7,52,312,31,102
9,1.5,49,715,62,273
10,5,46,847,78,437
11,7.9,39,909,86,555
12,10,36,932,90,611
13,14,25,927,89,600
14,15.5,23,891,84,523
15,17,26,809,74,388
16,17,25,0,54,214
8,0.3,58,312,31,101
9,0.9,48,714,62,271
10,6,36,849,78,437
11,8.8,42,907,88,555
12,11,37,921,95,610
13,14,21,893,101,594
14,15.6,20,836,101,514
15,17,19,710,94,374
16,19,21,0,71,202
8,2,49,313,31,99
9,2.4,51,719,62,270
10,8,38,856,78,438
11,11.3,36,918,86,558
12,13,31,941,90,616
13,16,16,934,90,606
14,18.1,20,897,85,529
15,21,16,817,75,394
16,20,12,0,55,221
8,2.1,54,313,31,98
9,2.7,50,720,62,270
10,8,37,859,78,439
11,10.9,32,924,86,561
12,14,26,946,90,619
13,17,15,939,90,609
14,18.5,12,904,85,533
15,20,10,830,75,401
16,22,10,0,56,227
8,1.4,40,310,30,97
9,2.7,39,712,61,267
10,8,29,850,77,434
11,10.8,20,914,86,556
12,14,22,938,90,615
13,16,14,932,89,606
14,18.6,12,896,85,530
15,21,10,818,75,397
16,22,10,0,56,225
8,4.4,47,303,30,95
9,4.8,42,699,61,262
10,10,35,836,77,427
11,8.9,34,900,85,547
12,9,29,922,89,606
13,14,24,916,89,597
14,11.3,25,879,85,523
15,13,19,794,75,390
16,14,18,0,56,221
8,1.2,65,295,30,92
9,1.8,64,682,61,257
10,6,43,821,77,421
11,8,36,887,86,541
12,10,37,913,90,601
13,12,30,909,89,595
14,12.9,31,877,85,524
15,14,26,801,75,394
16,15,26,0,57,223
